Date,Portfolio Value,Rebalance,Trade Cost EUR,Selected ETFs,N ETFs,Weight XEON,Regime,Reason
2020-01-02,9997117.29,True,2882.71,"IWDA.L, EWJ, IUSN.DE, EWT, XLC, XLF, KBE, XLE, ITB, XLV, XBI, XLP, XLK, SOXX, GLD, SLV, LQD",17,0.0,normal,"rebalance: EWJ peso=0.0000 fuera de [0.0657, 0.1057]"
2020-01-31,9949034.67,True,2869.01,"IWDA.L, EWT, XLF, ITB, XLV, XBI, XLK, SOXX, GLD, SLV",10,0.0,normal,"rebalance: EWJ peso=0.0845 fuera de [0.0000, 0.0200]"
2020-02-28,9360143.72,True,1646.53,"EWT, XLF, ITB, XLV, XLU, XLK, SOXX, IGV, BOTZ, LIT, GLD, SLV",12,0.0,normal,"rebalance: BOTZ peso=0.0000 fuera de [0.0053, 0.0453]"
2020-03-31,7975709.3,True,2857.99,"IWDA.L, MCHI, EWT, XLC, ITB, XLV, XBI, XLK, SOXX, IGV, BOTZ, LIT, GLD, DBA, TLT, IEF, TIP, HYG, LQD, EMB",20,0.0,crisis,"rebalance: DBA peso=0.0000 fuera de [0.0388, 0.0788]"
2020-04-30,8921487.78,True,2157.64,"EWJ, MCHI, XLC, XLV, XBI, XLP, XLU, XLK, SOXX, IGV, CIBR, BOTZ, LIT, GLD, DBA, TLT, IEF, TIP, HYG, LQD",20,0.0,crisis,"rebalance: CIBR peso=0.0000 fuera de [0.0038, 0.0438]"
2020-05-29,9127272.78,True,1300.92,"MCHI, EWT, XLY, XLC, XLB, XLV, XBI, XLP, XLK, SOXX, IGV, CIBR, LIT, GLD, TLT, IEF, TIP, HYG, LQD",19,0.0069,caution,"rebalance: DBA peso=0.0696 fuera de [0.0000, 0.0200]"
2020-06-30,9321344.29,True,2044.86,"MCHI, XLY, XLC, KBE, XLV, XLU, XLK, SOXX, IGV, CIBR, BOTZ, LIT, GLD, TLT, IEF, TIP, HYG, LQD",18,0.0026,caution,"rebalance: BOTZ peso=0.0000 fuera de [0.0149, 0.0549]"
2020-07-31,9489415.91,True,2819.76,"IUSN.DE, MCHI, EWT, XLY, XLC, XLF, XLI, IYT, XLB, XBI, XLK, SOXX, IGV, BOTZ, LIT, GLD, TLT, IEF, TIP, LQD",20,0.0,normal,"rebalance: CIBR peso=0.0351 fuera de [0.0000, 0.0200]"
2020-08-31,9952466.78,True,2319.9,"IWDA.L, EWT, XLY, XLB, ITB, XLV, XBI, XLP, XLK, SOXX, IGV, CIBR, BOTZ, LIT, GLD, TLT, IEF, TIP, LQD",19,0.0048,normal,"rebalance: CIBR peso=0.0000 fuera de [0.0029, 0.0429]"
2020-09-30,10074290.16,True,3170.7,"IWDA.L, XLY, XLC, IYT, XLB, ITB, XLK, SOXX, IGV, CIBR, BOTZ, LIT, SLV, COPX",14,0.0031,normal,"rebalance: COPX peso=0.0000 fuera de [0.0626, 0.1026]"
2020-10-30,10128781.18,True,1423.38,"INDA, EWT, EWY, XLY, XLF, IYT, ITB, SOXX, IGV, BOTZ, LIT, SLV, COPX",13,0.0044,normal,"rebalance: BOTZ peso=0.0374 fuera de [0.0399, 0.0799]"
2020-11-30,11155546.8,True,2440.56,"IUSN.DE, IEMA.L, MCHI, INDA, EWT, XLY, IYT, ITB, XLU, SOXX, BOTZ, LIT, SLV, COPX",14,0.0106,normal,"rebalance: BOTZ peso=0.0606 fuera de [0.0614, 0.1014]"
2020-12-31,11648746.87,True,2936.3,"IEMA.L, INDA, EWT, EWY, XLI, IYT, XLB, ITB, XBI, SOXX, BOTZ, LIT, COPX",13,0.0021,normal,"rebalance: COPX peso=0.0687 fuera de [0.1194, 0.1594]"
2021-01-29,11956057.84,True,4688.35,"IUSN.DE, EWZ, INDA, EWY, KBE, XLI, IYT, XBI, SOXX, CIBR, BOTZ, LIT, SLV, COPX",14,0.0086,normal,"rebalance: CIBR peso=0.0000 fuera de [0.0347, 0.0747]"
2021-02-26,12358792.84,True,2935.74,"EWJ, IUSN.DE, EWT, EWY, KBE, XBI, SOXX, CIBR, BOTZ, LIT, COPX",11,0.0044,normal,"rebalance: BOTZ peso=0.0524 fuera de [0.0621, 0.1021]"
2021-03-31,12750219.19,True,3137.81,"IUSN.DE, IEMA.L, INDA, EWT, EWY, XLC, XLF, KBE, XLE, XOP, XBI, SOXX, CIBR, LIT, DBA, COPX",16,0.0001,normal,"rebalance: BOTZ peso=0.0813 fuera de [0.0000, 0.0200]"
2021-04-30,12879631.66,True,3137.22,"IUSN.DE, INDA, EWT, EWY, XLC, XLF, KBE, XLE, XOP, IYT, SOXX, CIBR, COPX",13,0.0101,normal,"rebalance: DBA peso=0.0676 fuera de [0.0000, 0.0200]"
2021-05-31,13164198.94,True,2322.93,"IUSN.DE, EWT, EWY, XLY, XLC, XLF, KBE, XLE, XOP, IYT, ITB, XLK, SOXX, IGV, CIBR, VNQ, LIT, DBA, COPX",19,0.0077,normal,"rebalance: DBA peso=0.0000 fuera de [0.0296, 0.0696]"
2021-06-30,13602881.15,True,1638.71,"VGK, IUSN.DE, EWT, XLC, XLF, KBE, XLE, XOP, IYT, XLB, ITB, SOXX, IGV, CIBR, VNQ, LIT, DBA, COPX",18,0.0,normal,"rebalance: EWY peso=0.0384 fuera de [0.0000, 0.0200]"
2021-07-30,13751638.09,True,3611.34,"IWDA.L, EWT, XLC, XLF, XLE, XOP, XLI, IYT, ITB, XLV, XLK, SOXX, IGV, CIBR, VNQ, DBA",16,0.0,normal,"rebalance: CIBR peso=0.0393 fuera de [0.0000, 0.0319]"
2021-08-31,14199120.35,True,2093.32,"IWDA.L, VGK, EWT, XLC, XLF, XLE, XLI, ITB, XLV, XLP, XLK, SOXX, IGV, CIBR, VNQ, LIT, DBA, COPX",18,0.0108,normal,"rebalance: COPX peso=0.0000 fuera de [0.0081, 0.0481]"
2021-09-30,13817239.15,True,2216.36,"IWDA.L, EWZ, INDA, XLC, XLF, ITB, XLV, XLP, XLU, XLK, SOXX, IGV, CIBR, VNQ, LIT, DBA",16,0.0153,normal,"rebalance: COPX peso=0.0272 fuera de [0.0000, 0.0200]"
2021-10-29,14379289.29,True,2725.58,"IWDA.L, EWJ, INDA, XLF, XLE, XOP, XLV, XLK, IGV, CIBR, BOTZ, VNQ, LIT, GLD, DBA, TIP, HYG",17,0.0005,normal,"rebalance: DBA peso=0.0944 fuera de [0.0492, 0.0892]"
2021-11-30,14505036.83,True,2463.88,"IWDA.L, INDA, XLY, XLF, KBE, XLE, XOP, XLV, XLK, IGV, CIBR, VNQ, LIT, DBA",14,0.0109,normal,"rebalance: EWJ peso=0.0495 fuera de [0.0000, 0.0200]"
2021-12-31,14768558.86,True,2795.31,"IWDA.L, INDA, EWT, XLY, XLF, KBE, XLE, ITB, XLV, XLU, XLK, SOXX, CIBR, LIT, DBA, TLT, IEF, TIP, LQD",19,0.0054,normal,"rebalance: DBA peso=0.0532 fuera de [0.0719, 0.1119]"
2022-01-31,14479193.33,True,3047.26,"IWDA.L, INDA, EWT, XLY, XLF, KBE, XLE, XLB, ITB, XLV, XLP, XLU, XLK, SOXX, CIBR, VNQ, LIT, DBA, TIP",19,0.0096,normal,"rebalance: DBA peso=0.0973 fuera de [0.0464, 0.0864]"
2022-02-28,14301128.89,True,2922.91,"INDA, EWT, XLY, XLF, KBE, XLE, XOP, XLV, XLP, XLU, XLK, SOXX, CIBR, VNQ, DBA, TLT, IEF, TIP, HYG, EMB",20,0.0,normal,"rebalance: DBA peso=0.0695 fuera de [0.0870, 0.1270]"
2022-03-31,14824014.7,True,3130.71,"VGK, EWT, XLY, KBE, XLE, XOP, IYT, ITB, XLV, XLP, XLK, SOXX, CIBR, GLD, DBA, COPX, IEF, TIP, HYG",19,0.0078,caution,"rebalance: CIBR peso=0.0281 fuera de [0.0407, 0.0807]"
2022-04-29,14791002.53,True,3515.22,"IWDA.L, VGK, EWZ, EWT, XLY, XLE, XOP, XLI, IYT, XLV, XLU, XLK, SOXX, CIBR, DBA, COPX",16,0.0211,caution,"rebalance: COPX peso=0.0390 fuera de [0.0428, 0.0828]"
2022-05-31,14801727.3,True,3754.23,"VGK, IEMA.L, EWZ, INDA, EWT, EWY, XLE, XOP, IYT, XLB, XLV, XLP, XLU, CIBR, GLD, DBA, COPX, TIP, HYG",19,0.009,caution,"rebalance: CIBR peso=0.0583 fuera de [0.0000, 0.0352]"
2022-06-30,13950682.2,True,1987.75,"EWZ, INDA, XLE, XOP, XLB, XLV, XLP, XLU, XLK, GLD, DBA, IEF, TIP, HYG",14,0.027,caution,"rebalance: COPX peso=0.0235 fuera de [0.0000, 0.0200]"
2022-07-29,15000090.24,True,2358.34,"IUSN.DE, MCHI, EWZ, INDA, XLE, XOP, XLV, XLP, XLU, LIT, GLD, DBA, IEF, TIP, HYG, LQD",16,0.0072,caution,"rebalance: EWZ peso=0.1392 fuera de [0.0945, 0.1345]"
2022-08-31,15193772.5,True,3747.51,"IUSN.DE, INDA, XLY, XLE, XOP, XLI, XLV, XLP, XLU, XLK, IGV, CIBR, VNQ, LIT, GLD, IEF, TIP, HYG, LQD",19,0.0025,normal,"rebalance: CIBR peso=0.0000 fuera de [0.0084, 0.0484]"
2022-09-30,14261135.04,True,2843.81,"IWDA.L, IUSN.DE, IEMA.L, MCHI, INDA, XLY, XLE, XOP, XLI, IYT, XLV, XBI, XLP, XLU, VNQ, LIT, DBA, IEF, TIP, HYG",20,0.0,caution,"rebalance: CIBR peso=0.0278 fuera de [0.0000, 0.0200]"
2022-10-31,14839050.94,True,3161.34,"IWDA.L, IUSN.DE, INDA, KBE, XLE, XOP, ITB, XLV, XBI, XLP, LIT, GLD, DBA, IEF, TIP, HYG, LQD, EMB",18,0.0062,caution,"rebalance: GLD peso=0.0000 fuera de [0.0269, 0.0669]"
2022-11-30,14888222.83,True,2510.94,"IWDA.L, IUSN.DE, EWZ, INDA, XLF, KBE, XLE, XOP, XLI, ITB, XLV, XBI, XLP, LIT, DBA, IEF, TIP, HYG",18,0.0145,caution,"rebalance: EWZ peso=0.0000 fuera de [0.0566, 0.0966]"
2022-12-30,13808142.48,True,3468.44,"IWDA.L, VGK, EWJ, IUSN.DE, IEMA.L, INDA, XLF, KBE, XLE, XLI, IYT, ITB, XLV, XBI, XLP, SLV, IEF, HYG, LQD, EMB",20,0.0,normal,"rebalance: DBA peso=0.0623 fuera de [0.0000, 0.0200]"
2023-01-31,14201785.59,True,2945.6,"VGK, EWJ, IUSN.DE, XLF, XLE, XLI, ITB, XLV, XBI, XLP, GLD, SLV, COPX, HYG, LQD, EMB",16,0.0029,normal,"rebalance: COPX peso=0.0000 fuera de [0.0204, 0.0604]"
2023-02-28,13994697.42,True,3365.91,"VGK, EWJ, IUSN.DE, IEMA.L, MCHI, EWT, XLF, XLE, XLI, XLB, ITB, BOTZ, GLD, SLV, COPX, BITO",16,0.0131,normal,"rebalance: BITO peso=0.0000 fuera de [0.0480, 0.0880]"
2023-03-31,14010564.64,True,2196.46,"VGK, EWJ, IUSN.DE, EWT, XLF, XLE, XLI, XLB, ITB, SOXX, BOTZ, GLD, COPX, BITO",14,0.0066,normal,"rebalance: BITO peso=0.0806 fuera de [0.0911, 0.1311]"
2023-04-28,13992894.62,True,2359.23,"IWDA.L, VGK, EWJ, IUSN.DE, MCHI, EWT, EWY, XLI, ITB, XLP, XLK, SOXX, BOTZ, GLD, COPX, BITO",16,0.0184,normal,"rebalance: COPX peso=0.0812 fuera de [0.0186, 0.0586]"
2023-05-31,14137206.01,True,2297.11,"VGK, EWJ, IUSN.DE, MCHI, XLC, ITB, XLP, XLK, SOXX, IGV, BOTZ, GLD, SLV, DBA, COPX, BITO",16,0.0084,normal,"rebalance: BITO peso=0.0986 fuera de [0.1011, 0.1411]"
2023-06-30,14888970.84,True,2412.44,"IWDA.L, VGK, EWJ, IUSN.DE, EWT, EWY, XLC, ITB, XLU, XLK, SOXX, IGV, BOTZ, GLD, SLV, DBA, IEF, BITO",18,0.0,normal,"rebalance: COPX peso=0.0382 fuera de [0.0000, 0.0200]"
2023-07-31,15078434.59,True,3168.88,"IWDA.L, EWJ, EWZ, XLY, XLC, XLI, IYT, ITB, XLK, SOXX, IGV, BOTZ, DBA, BITO",14,0.0,normal,"rebalance: DBA peso=0.0425 fuera de [0.0530, 0.0930]"
2023-08-31,14574217.24,True,1559.09,"IWDA.L, EWZ, INDA, XLC, XOP, XLI, IYT, ITB, XLP, XLK, SOXX, IGV, BOTZ, DBA, BITO",15,0.0,normal,"rebalance: BITO peso=0.0979 fuera de [0.0543, 0.0943]"
2023-09-29,14607376.29,True,2116.41,"IWDA.L, EWZ, INDA, XLY, XLC, XOP, IYT, ITB, XLK, SOXX, IGV, SLV, DBA",13,0.0164,normal,"rebalance: BITO peso=0.0788 fuera de [0.0000, 0.0200]"
2023-10-31,14098808.21,True,3095.99,"IWDA.L, EWZ, INDA, XLY, XLC, XLE, XOP, ITB, XLK, SOXX, IGV, CIBR, DBA, TIP, HYG, EMB, BITO",17,0.0145,normal,"rebalance: BITO peso=0.0000 fuera de [0.0812, 0.1212]"
2023-11-30,14756615.77,True,1900.23,"IEMA.L, EWZ, INDA, XLY, XLC, KBE, XLE, XOP, XLK, SOXX, IGV, CIBR, GLD, DBA, TIP, HYG, EMB, BITO",18,0.0121,normal,"rebalance: DBA peso=0.0946 fuera de [0.0328, 0.0728]"
2023-12-29,15393347.89,True,3265.81,"IWDA.L, IEMA.L, EWZ, INDA, XLY, XLC, XLF, KBE, XOP, XLB, ITB, XLK, SOXX, IGV, CIBR, GLD, SLV, DBA, HYG, BITO",20,0.0,normal,"rebalance: BITO peso=0.1105 fuera de [0.0624, 0.1024]"
2024-01-31,15627847.47,True,3373.03,"IWDA.L, IUSN.DE, IEMA.L, EWZ, INDA, EWT, EWY, XLC, XLF, KBE, XLB, ITB, SOXX, IGV, CIBR, VNQ, GLD, BITO",18,0.0,normal,"rebalance: DBA peso=0.0288 fuera de [0.0000, 0.0200]"
2024-02-29,16796469.38,True,3552.24,"IWDA.L, EWJ, IUSN.DE, IEMA.L, EWZ, INDA, XLC, XLF, XLB, ITB, XLV, XLK, SOXX, IGV, CIBR, GLD, COPX, HYG, LQD, BITO",20,0.0,normal,"rebalance: BITO peso=0.1309 fuera de [0.0587, 0.0987]"
2024-03-28,17566078.23,True,3706.91,"IWDA.L, EWJ, IEMA.L, EWZ, INDA, XLC, XLF, XLI, IYT, ITB, XLV, XBI, XLP, XLK, SOXX, CIBR, HYG, LQD, EMB, BITO",20,0.0,normal,"rebalance: COPX peso=0.0294 fuera de [0.0000, 0.0200]"
2024-04-30,16788884.45,True,4503.7,"IWDA.L, EWJ, EWT, XLC, XLF, KBE, XLI, XLB, ITB, XBI, SOXX, BOTZ, GLD, DBA, COPX, BITO",16,0.0017,normal,"rebalance: BITO peso=0.0728 fuera de [0.0842, 0.1242]"
2024-05-31,17421512.91,True,2849.14,"INDA, XLC, XLF, KBE, XLI, ITB, XBI, XLP, SOXX, BOTZ, GLD, COPX, BITO",13,0.0002,normal,"rebalance: BOTZ peso=0.0179 fuera de [0.0384, 0.0784]"
2024-06-28,17453773.6,True,4311.02,"IWDA.L, VGK, INDA, EWT, XLC, XLF, KBE, XLI, XLP, XLU, SOXX, SLV, DBA, COPX, BITO",15,0.0128,normal,"rebalance: BOTZ peso=0.0592 fuera de [0.0000, 0.0200]"
2024-07-31,17683982.56,True,1881.2,"IWDA.L, IEMA.L, INDA, EWT, XLC, XLF, KBE, XLE, XLI, XLP, XLU, XLK, SOXX, VNQ, GLD, SLV, DBA, COPX, BITO",19,0.0061,normal,"rebalance: EWT peso=0.0721 fuera de [0.0289, 0.0689]"
2024-08-30,17422993.43,True,3128.04,"IWDA.L, IUSN.DE, IEMA.L, INDA, EWT, XLC, XLF, KBE, XLB, ITB, XBI, XLU, SOXX, VNQ, GLD, SLV, BITO",17,0.0034,normal,"rebalance: COPX peso=0.0282 fuera de [0.0000, 0.0200]"
2024-09-30,17895779.74,True,3952.81,"IWDA.L, VGK, IEMA.L, MCHI, INDA, EWT, XLC, XLF, KBE, XLI, ITB, XLV, XLP, XLU, XLK, VNQ, GLD, SLV, DBA",19,0.0089,normal,"rebalance: BITO peso=0.0938 fuera de [0.0000, 0.0200]"
2024-10-31,18075448.93,True,2956.61,"IWDA.L, IUSN.DE, IEMA.L, MCHI, INDA, EWT, XLY, XLC, XLF, KBE, XLI, ITB, XLP, XLU, XLK, IGV, VNQ, GLD",18,0.0081,normal,"rebalance: DBA peso=0.0317 fuera de [0.0000, 0.0200]"
2024-11-29,19454451.64,True,3499.12,"IWDA.L, IEMA.L, MCHI, EWT, XLY, XLC, XLF, KBE, XLI, ITB, XLU, IGV, CIBR, VNQ, GLD, SLV, HYG, BITO",18,0.0035,normal,"rebalance: BITO peso=0.0000 fuera de [0.0376, 0.0776]"
2024-12-31,18910090.75,True,1708.37,"IWDA.L, IEMA.L, MCHI, EWT, XLY, XLC, XLF, KBE, XLI, ITB, XLP, XLU, IGV, CIBR, VNQ, GLD, BITO",17,0.0073,normal,"rebalance: BITO peso=0.0571 fuera de [0.0596, 0.0996]"
2025-01-31,19728228.81,True,4701.09,"IUSN.DE, MCHI, XLY, XLC, XLF, KBE, XLP, XLU, IGV, CIBR, VNQ, GLD, DBA, IEF, TIP, HYG, LQD, EMB, BITO",19,0.0054,normal,"rebalance: DBA peso=0.0000 fuera de [0.0248, 0.0648]"
2025-02-28,19509109.15,True,5100.78,"IWDA.L, MCHI, XLY, XLC, XLF, KBE, XLI, IGV, CIBR, GLD, DBA, BITO",12,0.0,normal,"rebalance: BITO peso=0.0749 fuera de [0.0991, 0.1391]"
2025-03-31,18120448.57,True,2838.01,"VGK, MCHI, XLY, XLC, XLF, KBE, XLI, XLU, CIBR, LIT, GLD, DBA, TIP, HYG, EMB, BITO",16,0.0007,normal,"rebalance: CIBR peso=0.0809 fuera de [0.0844, 0.1244]"
2025-04-30,17467099.14,True,3128.31,"VGK, MCHI, XLC, XLF, XLE, XLP, XLU, CIBR, GLD, SLV, DBA, IEF, TIP, HYG, EMB, BITO",16,0.0161,caution,"rebalance: CIBR peso=0.1087 fuera de [0.0574, 0.0974]"
2025-05-30,18157309.98,True,2109.94,"VGK, EWJ, MCHI, EWZ, XLC, XLF, XLP, XLU, IGV, CIBR, GLD, DBA, IEF, TIP, HYG, LQD, EMB, BITO",18,0.0053,normal,"rebalance: EWJ peso=0.0000 fuera de [0.0835, 0.1235]"
2025-06-30,18087482.84,True,3125.4,"VGK, EWJ, IEMA.L, MCHI, EWZ, EWY, XLC, XLF, XLI, XLP, XLU, CIBR, GLD, DBA, IEF, TIP, HYG, EMB, BITO",19,0.0063,normal,"rebalance: BITO peso=0.1032 fuera de [0.0556, 0.0956]"
2025-07-31,18560788.77,True,5423.68,"VGK, IUSN.DE, IEMA.L, MCHI, EWZ, EWY, XLC, XLF, XLI, XLB, XLP, XLK, CIBR, GLD, SLV, COPX, BITO",17,0.0036,normal,"rebalance: BITO peso=0.0816 fuera de [0.0292, 0.0692]"
2025-08-29,18808464.18,True,4916.39,"IWDA.L, VGK, IUSN.DE, IEMA.L, MCHI, EWT, EWY, XLI, XLU, XLK, GLD, SLV, BITO",13,0.0056,normal,"rebalance: CIBR peso=0.0526 fuera de [0.0000, 0.0200]"
2025-09-30,19836710.19,True,5507.76,"EWJ, IUSN.DE, IEMA.L, EWZ, EWY, XLC, KBE, XLI, ITB, XLU, XLK, SOXX, GLD, SLV, COPX",15,0.01,normal,"rebalance: BITO peso=0.0273 fuera de [0.0000, 0.0200]"
2025-10-31,20858366.55,True,9443.67,"VGK, MCHI, EWY, XLC, ITB, XBI, XLP, XLK, SOXX, VNQ, LIT, SLV, COPX",13,0.0,normal,"rebalance: COPX peso=0.0383 fuera de [0.1105, 0.1505]"
2025-11-28,20938856.1,True,6925.15,"IWDA.L, IEMA.L, EWT, EWY, XLC, KBE, XBI, XLP, XLK, SOXX, LIT, SLV, COPX",13,0.0,normal,"rebalance: COPX peso=0.1350 fuera de [0.0889, 0.1289]"
2025-12-31,21650204.19,True,8021.91,"IEMA.L, EWZ, EWY, XLC, ITB, XLV, XBI, XLU, XLK, SOXX, LIT, GLD, SLV, COPX, TLT, IEF, EMB",17,0.0,normal,"rebalance: COPX peso=0.1188 fuera de [0.0000, 0.0352]"
2026-01-30,23129515.8,True,6978.94,"IWDA.L, EWJ, IEMA.L, EWY, XLY, XLC, XLF, XLV, XBI, SOXX, LIT, SLV, COPX, EMB",14,0.0125,normal,"rebalance: COPX peso=0.0165 fuera de [0.1143, 0.1543]"
2026-02-27,25305875.31,True,7474.25,"IUSN.DE, IEMA.L, EWZ, EWY, XLF, KBE, IYT, XBI, SOXX, LIT, SLV, COPX",12,0.0006,normal,"rebalance: COPX peso=0.1404 fuera de [0.0910, 0.1310]"
2026-03-31,23746700.96,True,8648.46,"IUSN.DE, EWT, EWY, XLY, XLF, KBE, XLE, XLI, IYT, XLV, XBI, XLP, SOXX, CIBR, VNQ, LIT, GLD, SLV, COPX",19,0.0085,caution,"rebalance: CIBR peso=0.0000 fuera de [0.0613, 0.1013]"
2026-04-30,25899525.25,True,8015.56,"IWDA.L, EWJ, IUSN.DE, EWZ, EWT, EWY, XLY, XLF, KBE, XLE, XOP, XLB, XBI, XLU, SOXX, LIT, GLD, SLV, DBA",19,0.0092,normal,"rebalance: CIBR peso=0.0786 fuera de [0.0000, 0.0200]"
