Sharpe,CAGR,MERTON_N_TOP,COMPOSITE_MOMENTUM_WINDOW,COMPOSITE_MOMENTUM_SKIP,COMPOSITE_REVERSAL_WINDOW,COMPOSITE_TREND_WINDOW,COV_SHORT_WINDOW,VIEW_SCALE,COV_BLEND_ALPHA,COV_SHRINKAGE,MERTON_GAMMA,BL_DELTA,MERTON_MAX_SECTOR
0.7938757300408781,0.14063882544120898,12,150,31,7,239,44,0.19927987860042798,0.4055435406510182,0.3342330773295208,-0.4843205021702379,2.0531487955942125,0.4549386403982505
0.8193411021586089,0.1409809301674705,32,176,1,24,141,46,0.4744238863218869,0.4282577780250573,0.30951346828214843,-0.807065774951351,3.3548145170503343,0.3079770471516047
0.8134713176530289,0.14288020768635734,32,165,11,24,221,45,0.19133871709352016,0.5986733810986763,0.253953624215362,-1.2972282138286724,1.5297898335204645,0.3677833072226152
0.7839726188990536,0.13174287432659804,13,156,13,39,125,87,0.5143627061954691,0.818814150656265,0.1263500056374958,-0.5472598261879327,2.9615038727425076,0.31946632257473195
0.8484213140991294,0.14560907919636779,21,165,24,37,244,52,0.3466280961330277,0.34289208397403814,0.2541334435528703,-1.2383029604074207,3.029927292207297,0.2934079090438506
0.7550937880391647,0.1299876847660666,28,103,23,5,210,24,0.33358179197199644,0.5809875206559457,0.09469161301236721,-1.2166812445995239,1.5063622185866232,0.3452669369539548
0.811891613116956,0.14148265171140406,26,136,14,21,176,109,0.38509123810638163,0.4596503472067649,0.33385773896132914,-0.950564574666681,3.017620642007736,0.39152227158167974
0.7506434713034668,0.12849728923542858,32,118,49,20,166,23,0.32182083891222396,0.6741350412948635,0.3811396973537597,-1.0211413118179644,2.4712828061599943,0.3797787859948739
0.7625189770927633,0.13389336426364418,24,115,28,26,248,28,0.3300050474173863,0.6660868969810394,0.31035768756187976,-1.0271866475223286,2.105604265444769,0.2514725083293674
0.8012614921463319,0.1369818536837195,33,159,50,7,126,72,0.25087527161645623,0.8044932973058166,0.38266655178752945,-1.1492379633921785,3.295536577852515,0.3343822626525855
0.7937704989496777,0.13523872064686615,20,166,14,35,224,90,0.21834248555351032,0.38260467884536103,0.19852989862445397,-1.3333073716787625,3.2465458975761035,0.2947816893719504
0.7241881767285588,0.12203390308793138,32,66,31,26,171,66,0.4891968912705223,0.39649882531739666,0.1761237947871326,-0.7954390694841615,3.36215869922352,0.3154502555226083
0.7755419948425986,0.13250645630588753,30,151,13,10,224,99,0.24606795169905565,0.4462470627422444,0.13043750324572098,-1.0922837183156784,2.1571101749622947,0.4031604179545377
0.7797718549998889,0.13709820840715836,22,132,9,33,210,52,0.5330381032012631,0.6260896551600635,0.28779845194333115,-0.7429148266580458,1.80459558549867,0.28625611288783415
0.7479907923969061,0.13281495753613237,12,122,37,24,233,49,0.19745200718594427,0.6023526523153383,0.2808734219430433,-1.248370101235506,1.936836461727468,0.4887247647407538
0.7730327824116398,0.13251244264139528,20,155,16,6,107,125,0.12365335150551211,0.4589771289907746,0.3710634530371109,-1.4115735119712167,3.209431408440656,0.28616934934284083
0.686965379221226,0.11904778064959287,34,85,45,34,130,115,0.31811576021108795,0.3230902093213322,0.16035684107438833,-1.483177425338346,2.198347370262203,0.41482750472174207
0.7399951837801905,0.12930379228612665,15,96,25,29,128,119,0.3204396661913067,0.4242657363993198,0.37294998562392223,-0.45955772796314154,1.769811307837971,0.47490963344202053
0.7235664860496268,0.12832414364040456,14,100,41,9,248,33,0.4465635331466276,0.35306550865130415,0.3171031102622182,-1.2364195906151927,2.337567579845841,0.285754426427517
0.758272747489708,0.12885998535322862,29,146,21,22,126,62,0.46600944913283243,0.5754090662482695,0.2920489180603941,-0.6398120151974367,2.7297625164831234,0.4903477236926081
0.7631173794093284,0.13388412015242168,30,133,2,13,216,78,0.22515950175827953,0.3499962103263246,0.3147267321102084,-1.2090526966487745,2.1272808740839775,0.4970857145292098
0.7730852559267662,0.1329278922727457,32,114,47,21,225,118,0.45972854266062096,0.8156892525940106,0.21392484987648103,-1.2662460688991704,1.6312776330018361,0.26995350476903635
0.7321996010517251,0.12740097098841052,15,80,27,15,169,103,0.21869618378228467,0.5530761488821423,0.2103477872409838,-1.1593454086467692,1.8540218053464896,0.31700769684413577
0.7224507953345172,0.12155826523656899,34,172,40,42,147,60,0.31855289076833276,0.5009931321976167,0.17790354674999825,-0.7441091560776797,2.9706526280817274,0.32925939732756754
0.7114858555910902,0.11870746872999871,17,81,17,31,229,67,0.5140069684975236,0.5456004654743679,0.0597002524453857,-0.7012474961923386,3.471563780560971,0.36659045671706647
0.8293935373659235,0.14366065004351403,24,184,6,11,222,43,0.26685017796500266,0.5435676216270842,0.3648103659290736,-0.4302392530463272,2.520424459150406,0.42418606933862923
0.7873320272512436,0.1337854659445279,17,143,11,37,110,32,0.3615201763866517,0.7849976440999965,0.32097949094113526,-0.6557918518751945,3.4624000695565242,0.25707595396565397
0.7246900982177339,0.12261220997024846,29,76,31,10,133,82,0.3052600316095548,0.33847764594714924,0.1477140930873606,-1.0701637202199705,2.5117424384411597,0.4389347230275012
0.7910946358338337,0.13382007272588536,25,125,47,36,205,78,0.27358877674354193,0.7835864885295332,0.11523249133883653,-0.5217820650351463,2.8468274149822497,0.48834431300606074
0.7149452627264156,0.12146628159898598,18,89,14,13,114,69,0.1839649991541441,0.323835968896338,0.17316783889960857,-0.673819219333951,3.277970067765186,0.3083327423542318
0.813751430831534,0.1416648281663837,22,183,46,8,236,29,0.42331365270371485,0.34068170727562047,0.389726587882178,-1.1983692086952853,1.7574476292851342,0.44211361621619005
0.7120163915732738,0.12130319269911194,22,117,13,39,180,73,0.12343296006220109,0.3980058739189334,0.08478493080439137,-1.3005155571054794,2.0411363391117554,0.26884460845540203
0.7218459414227162,0.12281444373426931,23,175,38,30,196,68,0.506446725579253,0.6670006478012912,0.28860262349864074,-0.7160898821377615,2.3789279768218177,0.32329105996291996
0.7605023895526978,0.12990457766169783,30,176,8,19,155,67,0.23879758415232152,0.6321867569108776,0.23835003779239577,-1.0250928360159506,2.2065570933909413,0.3854357694672648
0.7568612620194133,0.13071049846825233,23,111,52,34,121,37,0.42979856831935664,0.42520080635424046,0.3762086800761386,-1.0765091161774054,2.1475602973450805,0.4752440822203623
0.7284259541474071,0.1254326990753054,35,69,30,42,225,119,0.4057903196065964,0.6417604915578877,0.23352349682405116,-1.4082419220741578,1.6815642625242575,0.42266127976859175
0.7641731962970896,0.13214002728922725,12,185,21,24,244,21,0.47640202902107426,0.7983162553019171,0.16777916155408784,-0.7521995054783465,1.7831672983224778,0.29080949451622007
0.8652829568276846,0.1501251777829513,26,154,1,24,211,83,0.3451935151508082,0.8642805738278142,0.3260422628751187,-0.5109642882866262,2.0832271614336113,0.49490265474933365
0.7742640670314523,0.13026533665990092,35,167,2,8,203,30,0.2023540462662821,0.5018247841311914,0.12680320732559539,-1.4429758401478832,2.390026259045372,0.31562796500199375
0.7194806105043222,0.12604109326733637,13,122,16,34,151,55,0.13733028503951525,0.8007227839668771,0.22161147731293318,-1.231436255680581,3.3565146280959324,0.43379876313171023
0.7153596358789724,0.11909976148669488,13,116,0,18,114,28,0.24283049079584948,0.7294976586442489,0.07647220615162412,-1.0858742555809011,2.6831430859761998,0.4349891309630627
0.792311893586953,0.13384304675397218,33,158,52,16,146,55,0.18765981211132088,0.7375727047011714,0.14291434715890927,-0.9715343246884767,3.2994516808576067,0.2516072406069917
0.8205936346768351,0.1449283682445417,16,172,34,33,150,89,0.29504321415738394,0.674411056912691,0.3820089103563731,-1.395188927478309,1.6355438899559243,0.33512425884148245
0.7349549744673485,0.12430006826669304,34,76,27,39,147,104,0.18811987187779391,0.5241761489655444,0.19538695210371768,-0.4501348009480607,2.1584395062455823,0.3700521302375203
0.7577837829191687,0.12924037989594295,33,130,4,34,202,113,0.40843303742552634,0.5179975309913546,0.1301661010676844,-1.0621169003476203,2.6516754622395116,0.4417305280396433
0.7814836478685293,0.1351834877280249,22,185,42,38,248,104,0.5072836956907315,0.7176302007144751,0.380921579849586,-0.9350966821815229,1.6821513868109135,0.4323804733782093
0.8162843325728606,0.14059595982128892,22,184,34,6,124,86,0.25105045804800097,0.5425094825766638,0.37133458902513133,-1.1321715280063598,2.751625934120407,0.3558496871851611
0.759832226498777,0.13089878728736015,28,181,27,19,149,31,0.3001694530666236,0.5430714374106677,0.35988258770639825,-1.135444210866481,2.088008887757687,0.35175787023879873
0.7190289849354473,0.12025208135923404,23,151,9,21,101,76,0.42539357284285106,0.31607882206910654,0.09660573173254566,-0.7023729762511637,3.314350939430519,0.4667567903833785
0.813340183446876,0.1408771384982188,16,153,33,42,165,111,0.41831364548710526,0.6840730177089843,0.34859606925808134,-0.5318282184924148,2.048075964889052,0.46350478381268023
0.7900280068413462,0.13439481894959338,29,138,2,5,145,41,0.45522721025520974,0.5053142982820613,0.34507133602620826,-0.8370602248132611,3.4733098738907597,0.4409635581221064
0.6778335742925915,0.11488645693167432,18,74,43,36,241,91,0.2146527845780961,0.6100826477029136,0.10612312651546406,-1.0896493158099572,2.9895769580778957,0.36334159920609177
0.7903399096353013,0.1337846928423172,14,147,42,39,136,95,0.15958438094968305,0.5474840757179145,0.16064649180142002,-0.9737028041531182,3.2936956788763574,0.33572507867334067
0.7942139972598894,0.13661142946752602,35,157,8,22,189,109,0.2213511657786686,0.6140733695061779,0.2711341096543669,-1.0856303013079869,2.627005301351946,0.3241846591634917
0.7766627549081602,0.13466111516548174,32,189,26,31,226,87,0.5218554354994855,0.5644037999922007,0.39344427298832907,-1.4009846405361024,3.4764230548481185,0.4299230216491211
0.7889225702624925,0.1375210075916522,23,137,51,18,142,42,0.54249988621473,0.44113300371673275,0.35803768938083613,-1.4372478275981753,3.102528628479487,0.46739612337759884
0.742418146355358,0.13087534135145829,16,94,52,42,201,60,0.18809303300876395,0.5516940939674143,0.3903139741620699,-1.375159648230249,2.8859445787895055,0.28402300791713675
0.7823078969560665,0.13492433709614193,20,150,16,10,157,121,0.5128957948077525,0.8906480438647686,0.3574454439177792,-1.0754881210934173,2.431605342689472,0.3284725179899113
0.7592089063956913,0.13329134870243986,27,125,44,14,130,122,0.29967709355247923,0.5016126172339133,0.37734629628922745,-1.1177160140393116,2.3429971146921043,0.4069821015035143
0.8032037050405857,0.13755499904127677,23,156,5,21,216,44,0.3874144652232306,0.4020813588688804,0.26660899697789,-0.7931783108928988,2.7777900525949573,0.3379956410559002
0.7550232290229253,0.1271589634279735,25,113,4,15,105,104,0.4279828564482858,0.714862542023257,0.38996022860653984,-0.5244999459804791,2.358321074906649,0.43947621056358643
0.7866775809816211,0.135997700946491,24,145,39,25,224,35,0.332268915718518,0.4301741775188372,0.33296035939403745,-0.686774770601791,1.8581825910673242,0.2725821299527047
0.6832640249794338,0.11703876932925805,29,76,40,34,164,120,0.24458258828301563,0.365546990873845,0.29770203081683416,-0.9251436397751684,2.7113409346133146,0.375455355741245
0.8450873666127636,0.14577679515765052,28,166,1,27,226,106,0.4028365460330803,0.7109719074352545,0.30780322119381426,-0.8639936568326569,2.2195220065447687,0.34906579343742916
0.7366496723480916,0.12448510695261117,27,65,37,6,186,70,0.46484848406294516,0.7243358477740817,0.1847113267953537,-0.9725173575011743,3.176228429802045,0.44692321821090675
0.7904274794540818,0.13420675558293138,17,141,28,37,164,124,0.387875535640363,0.8819289892207376,0.07730316987986227,-0.6465586467878738,1.692209609432333,0.30542282946982646
0.7360124087294312,0.12861512703840106,14,106,32,9,185,96,0.27025724173335863,0.4011798738801622,0.12515990632851498,-1.4727559807528123,3.4210704093410014,0.4877955232187112
0.6481332464151447,0.10989911911416295,19,95,41,31,109,25,0.2703157280711246,0.7057597300794114,0.12968684357375723,-1.126936194656671,1.7622727840257137,0.2878291605643193
0.7324107783932845,0.12635299453270687,29,63,32,17,173,66,0.30171789274326877,0.47094990145155635,0.23610605416925218,-1.4720840003559692,2.3115488706051663,0.403224605156681
0.7406267620708156,0.12359754997702077,12,160,4,42,133,67,0.5242811010362665,0.8498231966400486,0.09871679539209269,-0.9490723560795928,1.9485613985750543,0.4482693781475938
0.7390098997052615,0.12551518714331578,29,157,44,41,167,27,0.30620494136483895,0.518719077506258,0.27948733659282265,-0.9160967473270352,2.6403763087850174,0.2855106147190617
0.7605533498143329,0.12945867485428253,19,183,38,17,158,62,0.21829668369617303,0.48201681182539285,0.18256067932142292,-1.2133349878177533,2.406997090161796,0.45827240989354834
0.7402835008262091,0.1254489733546269,17,170,51,28,199,79,0.3789815504775349,0.6025432541603517,0.07485072014386947,-1.3878044253268647,2.4573343739993745,0.26846046035641485
0.6853467342386698,0.11861358456448245,13,79,17,28,155,121,0.13494808057702073,0.6613890263689007,0.20837131649040114,-1.456540651107469,3.0607440900821588,0.42617015779783474
0.7728339282184553,0.1323458828720041,14,182,6,30,102,96,0.27484523459315424,0.647459111342469,0.26716559557688396,-1.3718439122704433,1.8984322470947161,0.30902151451905047
0.7535196898419434,0.1261826458470936,18,141,24,25,118,55,0.4596094606826776,0.7150883110755843,0.09876041249392478,-0.6312174678798251,2.119106446071772,0.3665300466817961
0.7469327082208258,0.12646180734515022,26,86,13,20,103,45,0.43534868412530286,0.6529478692802012,0.35850654161009976,-1.3261337880248347,2.6493829656662724,0.36801880627871214
0.788397453151539,0.1331284377634414,32,123,31,33,163,64,0.4189666254337935,0.46722689937082146,0.09447658355243774,-0.6278563351293043,2.5517128338698267,0.311939049875278
0.7669831935599416,0.13051237106162783,15,120,51,29,100,47,0.1976690497970793,0.8943424231140242,0.11455251047886607,-1.1323083736540047,2.2966927012104215,0.4652899052561901
0.775388899204205,0.1335376002518136,25,98,46,13,104,34,0.4470557153452765,0.6391097707994048,0.08299757589109125,-0.999556687449297,3.47689009568271,0.48076798341720656
0.7957942193224194,0.13572716816826436,16,134,20,13,182,83,0.34046284787934106,0.8819880680064753,0.05526416094623581,-1.157518854110588,2.306296148471895,0.4325773637195196
0.8268135174780415,0.14476784097941287,28,158,27,32,233,81,0.3572233823438135,0.47415218972869727,0.3541026936256231,-1.0304358980820172,2.2150738181678964,0.4487813287713618
0.7475995270410303,0.12614384949227309,17,155,22,17,109,23,0.12360473608916135,0.8104955455108453,0.1028663028988258,-0.8373098522290061,2.681463303869538,0.30633840593218264
0.7295238718336043,0.12153702583627579,32,120,1,20,163,74,0.48851952039218954,0.8495829741435077,0.08029951647621959,-1.02800903129188,2.0890738635874007,0.4469622681733102
0.7652003530261943,0.1342557922531984,26,107,37,23,209,95,0.3931442866441546,0.7460615638283425,0.20082205864174912,-0.9045445126043301,2.0442881399990407,0.44427377097532317
0.7893025102817967,0.1327789783811466,26,173,28,16,230,73,0.16498034332782288,0.3670360438794229,0.10062006034014222,-0.8071041089436022,3.0725280805605095,0.28229761840090134
0.7081197108002811,0.1212542751888015,13,190,22,18,134,115,0.5498317082924182,0.8046356608141858,0.1831237416532412,-1.47342021912965,2.5159433371343414,0.3719858315816183
0.6499409543348244,0.11236438899070822,12,63,42,38,154,36,0.3896123118522478,0.45750892946897576,0.1950024030909309,-0.9831241430097266,2.675327360404699,0.3798798380030922
0.7460159617531409,0.13298073600486426,13,109,31,6,224,34,0.38831611938902777,0.6636106619579832,0.28389527584618524,-1.411585270543968,1.9995933779170265,0.30871759093601553
0.8435058629209826,0.14526089999330272,33,167,5,33,184,100,0.5379182202016481,0.8495107762430533,0.27542622152760154,-0.9402716597741612,3.1353080765883528,0.3874156487576633
0.7709359663313912,0.1337123646257421,26,161,12,11,211,75,0.32795040974073186,0.5907903796566855,0.23182615500097334,-0.8246106491308797,2.7108362554954404,0.48814640893092565
0.7196254842099924,0.11777063614776884,17,91,0,10,105,98,0.2246964425394904,0.46830173328911623,0.11280193902042446,-0.9747194091270107,2.318983020192471,0.4937918019941473
0.7742979295100153,0.1315274480046471,20,149,49,27,211,82,0.24255146425088064,0.8323108315333917,0.09072453036525503,-0.690889693112472,1.7480260072360863,0.3745975799183463
0.7086696654370966,0.12010274066110949,25,90,9,26,188,41,0.3362336410705154,0.3186654338060304,0.1363690465925965,-0.6910656003633793,2.539379242283583,0.37378381871957544
0.7895673472861542,0.13302533720576637,19,144,35,24,142,48,0.5026876503943036,0.48789703870689766,0.05638078828677204,-1.2915472293663772,2.318142411298762,0.2524401600265039
0.766855318804789,0.13009272192682775,28,132,37,41,148,80,0.2090388910007812,0.3385055599223558,0.2391997627194996,-0.7460064807337262,2.7831184056802147,0.3918710955334582
0.6839793311900441,0.11812666519499393,20,110,26,19,119,112,0.14078583910823836,0.4792958998566898,0.15053587800986845,-0.42048238521932746,2.5035445292166085,0.29530397332018765
0.77622097715935,0.13476224549500238,16,171,46,19,228,61,0.26497734205749246,0.3901533346268909,0.20631946223682768,-0.8958670025416093,2.4056732918157846,0.3453282369645751
0.6898745189594575,0.12293247547125485,20,92,45,37,228,112,0.3619687548562557,0.7260994160497292,0.3688429558189201,-1.3234958636722753,1.7547041970148447,0.29958539795057637
0.7727269633248153,0.13519054120957374,35,138,37,7,207,98,0.1414581984963616,0.31539148881631474,0.3882034939896051,-1.1113983268759628,2.6187739092834765,0.3707297542435925
0.7759929550227095,0.13296456976142013,30,145,30,40,145,80,0.25874284992336516,0.3242906592363353,0.27570124895605236,-1.0374295144575965,3.410740231186332,0.3963009474069843
0.8124147190170213,0.14328322070892519,14,144,41,29,219,78,0.2868413556906386,0.5766088003754335,0.289004126573869,-1.2372745651447,1.8650807011395347,0.4748151281351344
0.8122425868780793,0.13841089725828137,27,150,30,38,123,59,0.36762280214094084,0.6625815574321606,0.3631167155934704,-0.5348245016677956,2.0205398928819265,0.4921405879259666
0.7501701906541332,0.13214233351847438,17,110,49,28,200,126,0.2950868446879453,0.685125783353394,0.3959067519017849,-0.8077780732616462,2.8152378142536225,0.4470401761471401
0.7381575976793532,0.12258158599369451,32,163,42,41,123,89,0.2279573063892511,0.33670809004255914,0.07790134265955184,-0.441468880436622,3.146613655050272,0.3983441410810733
0.7476569925633545,0.12796139082267777,35,178,26,38,139,59,0.4680643473151986,0.41943194954198154,0.39434332636879815,-1.1522688584457774,2.0591812711858886,0.29557900748361776
0.7496431499189036,0.12584245776411485,21,134,46,39,140,79,0.13676314169086828,0.33200381502254367,0.23139718403592996,-0.5210616902058481,2.6666956654806224,0.436606719467411
0.8356756272215179,0.14419896736589544,27,170,48,9,103,66,0.12164030041298701,0.5513008030191802,0.3504596274281975,-0.6337850849268122,2.168998445361053,0.4282207591352178
0.7862616689543593,0.13208809142244204,35,154,1,23,122,32,0.5182552060974103,0.6435482418127189,0.11244340844580726,-0.7586936004559424,3.042095823791846,0.2778624977211929
0.7775558712564322,0.13488411560061642,26,117,32,41,222,83,0.457475549225131,0.3908703379131384,0.14348118445380587,-0.44055623426234297,1.6615733457612967,0.47352566928566997
0.7054269515721083,0.12017242314808607,25,71,29,27,207,22,0.5080030512495025,0.6208238878468928,0.23806826473677023,-1.0726440349068593,2.894558339142802,0.41678498091665367
0.808538502785403,0.14001556336337861,35,140,7,22,215,41,0.36919005670143135,0.8634281288662103,0.1546753223163324,-0.9934759850857464,1.6151302151445088,0.27132554353350924
0.7067582788981155,0.12394126817887519,13,88,40,28,110,49,0.5284209958067037,0.5497209017794481,0.26847699219648746,-0.8779433810995769,2.494032202505111,0.34992135136769115
0.7184681519273062,0.12488221872698357,26,120,10,42,147,30,0.5354428812475696,0.45205703130546526,0.3293169013162096,-1.2459717821221186,2.2828773495054007,0.42813119053263304
0.7460161659261144,0.12731432500392903,16,181,16,21,149,85,0.26940567355832973,0.42566920844516176,0.37912103834600763,-0.4670466034897808,3.45206987373854,0.49455547820914225
0.7552930205584955,0.12647201501599303,27,178,40,26,102,53,0.28837871676510207,0.475577282636349,0.16116941646924235,-0.6570100046907787,3.3795584473906795,0.3924920818261911
0.7625780208674273,0.13164369442918677,19,154,11,15,117,115,0.3481533436484871,0.6973503080212656,0.3524060763392666,-1.1521425540526902,1.8762097230795265,0.3892858273933116
0.755291468205391,0.12736468799023415,31,167,34,37,148,26,0.4608222151837291,0.46515429469586994,0.08714091268651895,-1.1734757880718056,1.7434450967345618,0.3433524117116788
0.7665377659388779,0.1316517584467325,17,125,46,40,240,113,0.4434646395825435,0.35873749265456106,0.20759479719951843,-1.1362159935195435,3.4558126239049747,0.47869405595056425
0.7662736177719461,0.13213050285417904,15,179,34,36,145,100,0.4256270005781149,0.6161630047447632,0.25379739809130525,-0.9717132966874262,2.5118723279326525,0.290261512264235
0.7297174331162657,0.12737010323003295,32,94,7,13,246,57,0.3206726770421699,0.5659822216417009,0.37076595856540756,-1.3195483492628053,2.3655569166608634,0.31259551557139775
0.7774735203555443,0.13286310781244315,35,187,15,24,183,84,0.533241604801343,0.7129304877400878,0.2292471413808495,-1.0985297846022877,3.048882991740632,0.3522476316226617
0.7931885121013558,0.13834016461400322,19,159,19,12,114,23,0.2553984566907376,0.7312665672492689,0.39769397754814245,-1.2750004760517908,3.126786871139543,0.40059716890733116
0.7597225997066526,0.12964402532285324,22,123,49,39,200,79,0.358052763721766,0.3227723595513354,0.26824624652337453,-0.6460698805108172,2.6668574583926175,0.4516173068880067
0.8109338442250849,0.13948613678792987,28,138,36,31,104,50,0.18536928846147188,0.639093642062063,0.3064781466082583,-0.8970208302665231,1.8551982416291395,0.45169914476961975
0.7073199921007292,0.12124494180015688,21,85,17,20,108,112,0.2076201050016329,0.4820249919704752,0.3846985990523055,-0.9533774716477413,2.0262811304710784,0.25137053626618155
0.8081477108953712,0.13573645131630863,33,127,26,37,125,48,0.3805704168342368,0.32852874889622946,0.051091861552943006,-0.889675350364724,1.7211645468990415,0.49433043850574276
0.7876033096744287,0.13924484651678104,15,145,41,23,227,67,0.16282970698355673,0.7323353043774294,0.3882820907376873,-0.8870595376342539,2.6335116870432436,0.30001384379117146
0.6957079591869011,0.11586171048433425,29,88,23,5,104,96,0.45682707059342215,0.6632244050076859,0.08094020064860497,-1.3983055638091206,2.175263436173603,0.4179935067455443
0.7512004254767118,0.12651910799422295,25,166,36,29,113,30,0.2988452308468618,0.3679374761679093,0.18468558682759187,-0.5117536242023774,3.1566674419239225,0.4079940656046256
0.7105836315822646,0.11725103489547295,18,89,1,8,128,110,0.336078917305205,0.3494204850704786,0.35736782539319584,-0.9020442161033422,3.3724417875710575,0.2593179625777129
0.698548692817613,0.12282612032825457,14,92,41,17,233,33,0.1972888337705596,0.6302076206942289,0.16021991312864042,-0.9870787660972388,1.7381002108858505,0.49183259477836583
0.7151658095036116,0.12593589261830185,13,129,12,17,123,74,0.4113137170164389,0.5636011109616976,0.23782188885337824,-0.9410690632642414,2.821831105919407,0.3204007328932162
0.7844554641951741,0.1337350066338887,21,161,4,21,247,111,0.275000664986437,0.41948986614499034,0.14578214548717888,-1.4080320955267829,2.803349031962565,0.31001459759378913
0.7953220510089566,0.1405313711334526,26,114,30,16,238,48,0.5160648929573722,0.886474666958719,0.3158123670230865,-0.4910405943888562,1.9494783465269887,0.25223794791895654
0.784711308446212,0.13801791022060494,29,105,35,12,251,37,0.5442590888880725,0.4098348705268002,0.17617674455381455,-1.4617765475171567,2.9005340802240616,0.37194907443386577
0.7380770596197896,0.12562649512266044,13,79,29,15,133,26,0.5399842615446785,0.4837430590038545,0.0720200879207511,-0.5414575664025545,2.5934529884111024,0.3925766084877377
0.7314827261788289,0.12872626243587715,14,112,21,30,195,53,0.3746550872908147,0.4489910162122418,0.19877818528867927,-1.2371807474655725,3.342932763747618,0.3717485570397534
0.7989496127298001,0.1382830376868236,31,139,35,27,232,114,0.3358563440115836,0.8733478979004052,0.33106738611749476,-0.5215694324146266,2.6725180799475643,0.324647734209048
0.6321145047658716,0.1101456077934011,12,84,46,30,185,25,0.37016177288320307,0.5582311973781717,0.11823959444052927,-0.5380600959369526,2.052083236828209,0.27797158353717366
0.7053586050152564,0.12402734328690368,28,98,35,22,156,80,0.5284473519232773,0.5144709194469431,0.33743336495055376,-0.6388619070767259,2.1301588732294343,0.41435203152873856
0.7811291497046924,0.1363774388469683,28,149,28,12,220,119,0.14737883698440338,0.33708405912454015,0.24375550601071605,-1.1554095933817785,2.6056702099058517,0.3241383064153345
0.7655763093467892,0.13206065942134737,27,176,40,22,162,32,0.23742817117248788,0.3963477732143509,0.39609684433984416,-0.6587223347757619,1.9775104173156812,0.30162837229561834
0.8259757807519296,0.1429039466759543,29,153,27,34,249,73,0.5167245524276474,0.5598398118366207,0.25883467125930226,-1.4315780777251166,2.5801376777575697,0.30723136232016757
0.7073450362572186,0.1237585375726109,30,78,37,18,216,84,0.4836898799147972,0.49987858484122655,0.2304738728252982,-0.7653781222294874,1.52153663666228,0.39124802596119024
0.8126225747077763,0.1397711836368054,24,140,38,9,239,68,0.3095005193776235,0.7474027093968771,0.16029013735286626,-1.1001375234868416,1.6208419768199687,0.31173146365565885
0.794900572300639,0.13943929727287885,14,146,35,16,215,83,0.2754977418712723,0.6537221500010072,0.27799716909123223,-1.054336584057269,3.2709451324401497,0.2514854694096142
0.6815148408987538,0.11830022896055437,31,79,21,26,246,37,0.24801892088601812,0.44351030310604417,0.33460657129984406,-1.2179246086676012,2.4109901639851974,0.46669333378152933
0.72662775990917,0.12460528779840674,15,123,15,38,113,86,0.46641525047835647,0.5339784921966079,0.24219341197226688,-1.4792631482927052,2.857297732330195,0.2552838223356138
0.7976683166689164,0.1343395131993439,29,158,6,42,155,122,0.3904282148634093,0.7708961776181584,0.13099425430595638,-0.9918931028107053,2.980276137198839,0.28270244406716083
0.7611692043477333,0.13284601434948895,20,100,46,11,137,48,0.1680478256372341,0.42330070199138886,0.2674287490854783,-0.44692763656132917,2.591613136285445,0.4813352219921909
0.7245292369377491,0.12818619264794706,14,109,24,32,127,57,0.3400382633970655,0.389353221179349,0.3186263359058055,-1.2115897226222743,2.4403472430128477,0.4932323798633458
0.7675154112717795,0.130076579824129,26,123,38,39,212,110,0.33596182841656813,0.3806288325114693,0.11479325481658326,-1.035450655607847,2.373027286923731,0.44213916680479537
0.8431758134634865,0.14919946171043752,34,158,36,8,146,59,0.1368733322277369,0.43654863351268497,0.384592369602698,-1.2059092022604587,1.7186988603640763,0.4212336461824647
0.7265324705760589,0.11922098285195215,24,75,5,39,134,87,0.41748040502402084,0.6317754354159959,0.17633966171338666,-1.4665887351555948,2.0729601179003545,0.26497527268323573
0.7864769327469966,0.13585411874317632,22,161,7,21,172,92,0.47908505883978936,0.4773927787144078,0.3561158471642706,-1.3625429099390705,2.553856572399157,0.4443488355567996
0.801260728801943,0.13561573839459262,15,157,39,30,190,80,0.21474965859659412,0.44307387188862873,0.053260801059530676,-1.0069176808006148,2.030705690668573,0.31020381735936686
0.8017189660752093,0.13946689950281788,29,144,42,10,174,46,0.4409884588864861,0.5382175245137133,0.3187289456068325,-1.3014513198080475,2.265156044713402,0.40543841319043183
0.7796855445638392,0.1331199071881004,23,137,14,16,250,126,0.28760890593680977,0.683185412917647,0.10844415260843236,-1.3092432882549028,1.527479733961728,0.3093951670563395
0.7508492060223982,0.12857888248178728,17,88,34,35,196,39,0.2794099651067002,0.8557995258056821,0.18408235906588707,-1.3263138948707414,3.2759725374792112,0.2906811988504253
0.7354140708328913,0.12491343893264628,13,183,29,41,135,43,0.23047031762108136,0.708398134716673,0.16968119439004614,-1.3515063892133499,2.4895780468142075,0.2514168591086936
0.6939458500841887,0.11930320507481662,25,94,46,28,179,124,0.14547583754210416,0.3545402522944847,0.21213533077190555,-0.5953739150933914,1.8418361812667854,0.39377524599181357
0.7229908783262805,0.12454066481202686,13,105,30,22,228,36,0.48431921343042617,0.5518617445743697,0.059393812259112805,-0.8264106945265124,2.0150365998248034,0.44007683465734726
0.7416871986584003,0.12127987290420483,35,64,0,20,144,88,0.25862887825240627,0.5246520929629128,0.1865472279646508,-0.7506368537725223,3.358956844210189,0.4822621846319166
0.6787009032274712,0.12031384276254964,13,91,48,25,203,68,0.2172027763913031,0.7044691682865991,0.347350152069497,-0.7380512478301403,1.9838357008210998,0.4659665500151996
0.7502171840657531,0.12904931350318183,20,157,48,19,164,85,0.43077955139071844,0.7376102054753815,0.18373308813116163,-1.3754050567109084,2.823378780585374,0.38724134967352475
0.8122426839625706,0.13892215337297453,31,137,47,36,212,112,0.3806587587026197,0.7463447169445632,0.28941439876862723,-0.9449074472461223,2.6713889841154925,0.38615337945137407
0.7757610097537051,0.1332675031746573,28,127,24,18,163,95,0.15503965790712235,0.5750505479683883,0.24074860012546856,-0.5758863429954755,2.3180383023469027,0.3635645160320754
0.7293913784283812,0.1281612139634165,23,127,9,38,205,95,0.3325458923598884,0.46258491254361034,0.39312076435125687,-1.0844801603892171,2.208450913876072,0.33948652722145833
0.694649510188013,0.12009724829290569,17,83,45,24,242,37,0.23304796420902502,0.7524484988782362,0.09993177765025141,-1.4461881257645754,3.293913351215532,0.29150704577423836
0.6781603057665996,0.11803949576241402,21,76,40,26,227,73,0.23576526159051375,0.3450377425660214,0.33022442893400766,-0.798336446762898,1.7891818641534385,0.3223509299820738
0.7216171992841054,0.12092247522060884,26,169,42,39,196,77,0.20100226157051163,0.3084216442557271,0.09265953530519015,-0.5609866575978681,2.9789088895348534,0.3139274706557573
0.7448374286171653,0.12804320561641624,33,126,43,10,111,32,0.12976115397459273,0.6041734422045405,0.29931233162203164,-1.4325124085736807,2.311561139386378,0.3938390397149734
0.7730342992472736,0.13051985759143214,23,117,0,6,200,59,0.38123826755144696,0.42598829551324907,0.2731522328163699,-0.985224245487053,2.835873746474295,0.3789814188069469
0.6705037110405362,0.11237677469480944,33,65,41,42,231,91,0.13143699429107328,0.4976407757355805,0.12132042493631372,-0.9221468109528573,2.543548057981558,0.3404391653566512
0.8338509208590256,0.14359852773266568,18,152,2,37,185,51,0.16196777084331807,0.8985821276227749,0.34379084740807897,-1.1819653226594868,2.7027407999228528,0.2694568566327984
0.7951108302046704,0.13914206067441115,18,185,46,16,242,49,0.2125127422896625,0.43956435245153086,0.36483939561494544,-1.2119983507785277,2.3598032231691364,0.37733301315378154
0.7677137189726612,0.12946598306452528,16,162,4,41,161,116,0.3442782333755968,0.7211381389350835,0.13698586467033697,-0.8968380718241872,1.879591454220067,0.27906956824023477
0.7386193340807442,0.12519885569842848,22,72,47,35,120,53,0.5214724292834229,0.7256862640988014,0.26117319955730794,-1.1232171988876036,2.279599501283551,0.45351119130999495
0.7488740151783158,0.1296557585700686,15,133,39,30,178,76,0.5166853425711236,0.5788011748057837,0.3220508910775184,-0.76975252240565,3.0136616103306286,0.34687752940230976
0.6853185393432489,0.12026307387510538,14,106,36,20,209,26,0.14885704366987298,0.8231012651600796,0.3000679310384866,-0.5413493004473279,2.4417676739593857,0.33461366959155925
0.7359142895059019,0.12530301208740635,14,87,23,5,183,22,0.47484169372373897,0.3207439454942277,0.09377166333360319,-0.43622204599809133,1.6905153276547986,0.27826864657753636
0.7520107054490386,0.1268721965931925,19,173,38,37,179,88,0.3443814435082513,0.3142396194348322,0.06560296688580791,-1.3708220196257477,3.1808171810299832,0.3889364457390697
0.7611925568042665,0.12824448030107072,31,159,13,28,143,45,0.3791120544774893,0.3479534764728143,0.14645351922734676,-0.6900059455485585,2.1335212460151967,0.3471597642427642
0.7350181858890348,0.12233517741694411,30,103,5,31,134,126,0.46974632966127305,0.3180246269643104,0.17040929231760413,-0.7495848513689168,2.455168861693834,0.27720206406745795
0.7991470399390136,0.1351979720606462,17,181,30,9,106,85,0.5263275667335543,0.4298051840742174,0.09833895968528836,-1.2448646147357376,3.08659306897378,0.44616512698229216
0.7718355693344624,0.1304578161065677,33,186,45,42,184,48,0.22873958170159853,0.815237330403092,0.13676780469326333,-0.5918985612634265,2.6469660357415665,0.3797397635772119
0.7717919615989377,0.13439026105455842,29,172,32,26,228,102,0.48351838430281496,0.45227259744334825,0.37441210575591427,-1.05746940719758,2.309813905924794,0.47413843859688976
0.7649210483701424,0.12840591129857915,33,114,0,14,218,91,0.4627270896939499,0.3731232229216133,0.05864773717171375,-1.1215757890548619,2.729378427090555,0.3115672433117308
0.7437982332492493,0.127707453582119,26,77,37,7,223,120,0.19777093407927773,0.39362163772398445,0.1648859145620939,-0.8124379644946518,3.4201142108651847,0.4951135343567411
0.7925255211115224,0.13249849987384832,25,157,26,29,115,65,0.39564279091101445,0.3932390156310645,0.0983317868391718,-1.0141560078942204,1.9186339306235949,0.2848186510913309
0.7804271108972073,0.13180278117996136,30,142,30,16,159,71,0.33250551883321183,0.4087465857358157,0.05016324676891705,-1.2575467869803878,2.430932594006875,0.346666651980961
0.8068694215902517,0.13825829810148482,33,147,23,32,117,117,0.23102872996494564,0.8080310727460233,0.20414376308308999,-1.300402860152812,2.629433852896768,0.40036168738792677
0.7055344785689263,0.1186269580106758,16,76,8,17,213,64,0.24909001402705347,0.7172038616542645,0.0982934121027291,-0.9832125339221337,1.5164420642735599,0.32331266502285183
0.8165691472130043,0.14065911686753907,21,187,26,8,168,102,0.32260539879500216,0.44428433173113663,0.27394543988441833,-0.6510192752866208,1.7828033444554545,0.4634897922489403
0.7342483860950946,0.12553021316370372,18,94,5,34,159,25,0.2375611892282135,0.6325591473312328,0.35231563977392477,-0.648358648054217,2.333547657394308,0.431279634399911
0.8162630152950869,0.1454491163940228,21,132,13,9,230,29,0.25173186127341735,0.52993171764058,0.3512938079097724,-0.7520254715720931,2.95173439765659,0.4963569447253053
0.7144251812977932,0.11990839465949832,13,68,23,7,230,25,0.43653511501625314,0.8752879130968239,0.054727008660331734,-1.070226526794605,3.3379282566533774,0.30851184742759463
0.8172083875518694,0.1439348955229902,15,124,27,22,118,92,0.45403387886993357,0.7946269156469363,0.29896459684688814,-1.337626368135952,1.5230133910498962,0.4975854095179927
0.8161055268141976,0.14155849329102255,19,168,25,33,221,107,0.31794060848688654,0.4782746892906977,0.34911368129496295,-0.9078112088100168,3.4232626990873545,0.30051330063768733
0.7786919008451962,0.13596649424598928,15,114,33,39,102,44,0.42839198549437224,0.8057372402503244,0.22822321121465772,-1.194364081746335,3.0407702023888787,0.4747190946825004
0.719304790837185,0.11903940485834563,31,65,9,31,193,72,0.368726076838982,0.8149022136252266,0.07203218119967399,-1.3503720585782524,2.5474005900362418,0.3684265405757913
0.7365375855810724,0.12443767830531116,34,102,16,17,122,61,0.2437849425978231,0.45229480273838,0.25367077758335815,-0.9159976495552533,3.370822497471483,0.2506927255016167
0.8124160290520167,0.14106289261837635,29,99,52,15,235,91,0.3427382133890135,0.7982143826090798,0.19281373295579698,-0.7627692439663293,2.9189440663825827,0.49425987837836394
0.7000650305064607,0.11455370684865174,26,79,20,33,127,27,0.3861495291696201,0.3643619515354125,0.07164916648309479,-0.8237800725990561,3.1902501529561826,0.28447443041654424
0.8079071940689627,0.13895468374323672,24,158,26,16,223,37,0.513262284924992,0.5760540034944505,0.29039413281661186,-0.8255160142706228,2.64391373640128,0.29612167054744637
0.7322930951857816,0.12794344842142724,33,116,17,35,204,48,0.15542032049372603,0.7107200528859281,0.3133923439706389,-0.5882756193550893,2.7353180593810595,0.3244000817288899
0.7460334931396304,0.1337698620693022,13,85,36,16,220,21,0.22957128922787667,0.5887377204381928,0.3421416584233199,-1.2152911573441099,1.7237258901913215,0.3275443588489747
0.8045960587684013,0.1353592564950885,34,166,27,41,115,29,0.45685640825934437,0.5763574162127713,0.2103704181287698,-0.9386815423931175,3.0162034115489966,0.4791170996322893
0.6916767345627104,0.12045544449924961,13,79,23,14,115,94,0.12251131086008463,0.7153799407452698,0.21086585637440666,-1.0044241298921441,2.9804303544876474,0.34050564541857786
0.6869354496445136,0.11461540000619719,21,80,20,29,125,103,0.5294609824772286,0.47391018895422826,0.29100848612038294,-0.6530682754404625,2.416756687560479,0.48469161840982566
0.7842911110901476,0.13326054542940113,28,160,44,10,168,80,0.31982021175270736,0.4461731565132503,0.09722215839363126,-0.9049229842498538,3.333719686090232,0.4408623093063037
0.6840262680626882,0.11248864312566598,14,82,3,37,181,44,0.4712414485571588,0.8549132466655797,0.2095061107004312,-0.7252831272087659,2.456305927933514,0.35634477923959906
0.7601562838333674,0.13358378851163333,33,123,3,17,219,59,0.20103334619459176,0.6880389242350823,0.391395833867982,-1.3200344819289103,2.281429894071299,0.32073170604134127
0.7707116350812114,0.13144184126411163,24,161,37,18,219,21,0.2547392776578067,0.58554163218663,0.10555209484535587,-1.3088325280499447,1.790397002306076,0.46391836451299406
0.688156668083375,0.11496299014474731,18,86,21,24,163,58,0.5440466818674425,0.7289899364644978,0.21821874750201903,-0.5004433286164118,1.9905315182171905,0.25986065070554526
0.6966034269488485,0.12173013350765949,23,97,35,25,138,123,0.28479970769729424,0.6736612753102685,0.23976233604345532,-0.7413195098954836,2.4060725286833433,0.31873965075355204
0.7953096670254949,0.13553404353774767,27,131,14,20,157,25,0.5295059406823853,0.8885354803293888,0.10659591335304416,-0.492063922124659,3.1258158042891777,0.4455507039490199
0.847715595673402,0.14752142571641946,21,151,33,29,128,83,0.21017474623884216,0.892252290617167,0.3581245583428653,-1.4736319504342272,3.460108321113087,0.3896744327732259
0.7886359964325441,0.13542820038272452,20,161,12,36,145,50,0.1685032475250916,0.6117154419850432,0.24262656409632036,-1.2038966448142518,2.411777896040621,0.278631185308323
0.7571518172031699,0.12884760755620928,15,165,49,40,151,21,0.2600215921646307,0.5363765507478658,0.10977040853416235,-0.42414439531445924,1.9582618734227333,0.4390145935627068
0.7554168230983467,0.12721784557888016,34,110,49,31,162,30,0.24614338049827747,0.6992581249574928,0.11528866647747384,-1.0617832539605747,3.4688805848780166,0.4003339797145955
0.7200818916199011,0.11932436067553276,33,76,19,6,182,57,0.5264259389690779,0.875363221607586,0.13031516431502618,-0.960505838462506,3.002185288638258,0.4835806239264803
0.6905622786312254,0.11987464877508391,19,90,37,23,226,73,0.5324510746720883,0.5295298649425334,0.1627819694796736,-1.0372179789750644,1.9436593292115014,0.3534038092636108
0.7646670913565021,0.12844752687744299,35,160,39,20,104,31,0.1781116812068517,0.6386867136903055,0.17212360510980457,-0.8409724932502111,1.785781415521922,0.33815189516791333
0.7808406133128817,0.1345878026493721,29,183,42,6,148,104,0.4820756255983715,0.6247651761385993,0.3248860547065814,-0.7779224741960251,1.764690326180962,0.3803145659268514
0.7041610384344086,0.11922271337397472,24,82,18,7,178,45,0.3708668110673425,0.49867403629056606,0.1252646602008377,-1.0817120310562094,1.8845370644342727,0.28846524893642844
0.7415114594506366,0.12453320834527504,20,110,6,5,119,94,0.3823375355833482,0.6992662464055645,0.3159348464729352,-1.2343976316031475,3.1620372962546797,0.33101741994489114
0.7206453848823903,0.1255066700559384,15,106,30,35,210,95,0.4460803149312846,0.6836362501117836,0.18211652979272436,-0.9123974012567303,2.5158405315436134,0.2953104909126998
0.7488051215963394,0.12486704438840412,29,158,30,31,127,61,0.521963690085355,0.5344699842995769,0.10028654105855266,-0.40399605062886573,3.03437038915997,0.39478343806074745
0.7712003360448935,0.13048390332369664,27,141,40,16,182,83,0.49802271979452784,0.4360286590996897,0.10677831159339914,-0.642337331714241,2.8631329674215653,0.3017125364664031
0.764959557162183,0.13013367838448997,19,149,15,32,125,50,0.25160350771532003,0.3903698095597482,0.24520042056998276,-0.7867747822057294,2.6143142515845144,0.3193981596043238
0.7783203518603474,0.13245738712929755,22,125,40,17,218,56,0.31013050986915763,0.5467230760250842,0.16590719086368944,-1.0429283537157332,1.667087338297951,0.3049935196844525
0.7800146399969612,0.13205715200314705,20,190,50,28,216,70,0.13016764172437179,0.40210894845438944,0.06438967331826217,-1.1859989809591607,2.78611671877968,0.3896528760720396
0.7104656840635105,0.122826633779207,18,65,37,27,181,23,0.1883716516996524,0.4000701817106964,0.3509135135763128,-1.2705128169149065,3.232131788772892,0.3952749069427809
0.7779780937691729,0.1344836987838116,14,148,18,25,241,87,0.15200527125956811,0.5476027312718301,0.14180480636117745,-0.6949502358309134,1.6513908991308286,0.4431071088884939
0.6839749188298087,0.11226289469353512,16,72,7,18,230,75,0.510561042553764,0.76303312146079,0.06559763458535622,-0.5739166233443326,2.9832400443220504,0.2996982995700045
0.7380130638739292,0.12300115487677199,27,151,20,27,120,67,0.4766577618449053,0.4664906566018007,0.08030751731696537,-0.4823451057746845,3.2708059511385326,0.4621945865036585
0.671127498678333,0.11752723363585105,27,108,23,33,246,32,0.5385787556480739,0.5955109281848935,0.32148748911078584,-0.7743540213884224,2.0584048458724626,0.2728200805848503
0.765277546105317,0.13357953244493048,32,147,29,8,136,73,0.34220918363450487,0.41904721168280334,0.39744356970541217,-0.5911217776464681,2.3415340811618623,0.4931437291183864
0.7058752744073643,0.11681617781019793,22,103,3,40,215,27,0.39162012572765253,0.7837010709116801,0.09836462234344849,-0.7815015402473482,1.9916764385444692,0.35881134744651866
0.7269712644823445,0.12723531746907235,20,132,5,18,229,93,0.17494676651059143,0.5321346730433053,0.17899282279458534,-0.9361199427511252,2.1892189234050523,0.392801844693303
0.81430250731749,0.1402559602036788,20,178,2,36,213,116,0.3529079670490527,0.36602837037503444,0.3177297853758532,-0.9316943780444763,2.633677356017239,0.2572940293483339
0.7921552282480137,0.13552551286118986,29,142,37,10,187,92,0.21412050994726192,0.32642767689455,0.10854328509188278,-0.9732294808193144,2.187700360231114,0.40091941525340563
0.7423434968530762,0.12973589813916853,22,108,14,34,247,101,0.34954573474361517,0.7326592449738218,0.2314238408051911,-1.4562387692153622,1.6776725381169668,0.3085276073083578
0.7911777689187892,0.13534683594346286,18,179,17,27,238,65,0.5207866210985006,0.34157013769312344,0.21544195422743276,-1.263853499307506,1.5424001964131224,0.2605527979782235
0.8086567978162545,0.1395731134999374,20,143,8,26,139,114,0.31897186669243216,0.8095310055701493,0.3288756857693834,-0.9902577854364468,2.6019856018100134,0.3358636567350657
0.8470053160876132,0.14684051789990304,25,161,30,27,133,91,0.40078446197339446,0.48740985116520974,0.34130532419387094,-0.7103529215991246,1.8593130883086941,0.40743432241350397
0.7736953342244957,0.1343746358964013,17,155,2,15,149,29,0.12178837371013576,0.7428262022518929,0.33606915452094877,-0.7033345696023027,1.7263249865664694,0.40974035889121446
0.7207249517951639,0.1276825904342851,15,131,6,36,229,57,0.12303700102657401,0.467294271316275,0.35211366997914734,-0.6769525745833221,2.5268491505306683,0.46602948538093847
0.6670751325707852,0.11448275016939857,34,88,41,23,171,25,0.35174417580537887,0.8456233017883225,0.12581651300851981,-1.0047604028925383,2.162146503740484,0.45953407347858244
0.772658002916138,0.13085671973921853,35,152,14,23,128,35,0.3554469869041545,0.5212996540951748,0.1630893572334719,-1.221654074284321,1.959585454737668,0.40503875546863366
0.7594992481783573,0.13379052556260884,29,129,8,16,193,113,0.2157865766827018,0.6102887008343413,0.3449248103059829,-0.8649394035393633,3.4572173467080063,0.4976347128726727
0.7518732340790684,0.129852695656842,12,72,13,13,144,56,0.2834891119777954,0.8992086676588493,0.14271627751704605,-1.2202124020325125,3.1446120748699435,0.42658501462284154
0.7838597283459843,0.13120181233950223,29,127,24,39,162,27,0.4429894190428634,0.6084625334646098,0.07355152068042106,-0.6226832468353091,3.328899418386986,0.2660498812367902
0.7991736076573678,0.13543776880985336,26,148,32,9,133,34,0.3498491057597308,0.309014657755677,0.08015476031234829,-0.7297589218936316,2.240068959144704,0.48681614241088234
0.8012907649566151,0.136302682554452,22,148,4,26,114,43,0.17735057133419183,0.6768676612213,0.23053174900355294,-0.48616441701698004,2.0808046089804946,0.4065007830927243
0.7785900198277543,0.13214379134089516,35,124,40,11,212,125,0.2791257881245635,0.4457030114861666,0.14599484825848985,-0.8182364045247712,2.3902903992296047,0.45063102136874633
0.728489586521158,0.12481006514584703,28,99,45,22,120,98,0.1512538037395785,0.6806931962271089,0.1100279096756083,-0.5726238326067389,2.2153647931173204,0.3902920485396153
0.6939220520705965,0.11844533823795178,35,116,24,41,132,77,0.1442733798770509,0.6529284208209809,0.24048037996422503,-0.8818632151065265,2.439336671431289,0.442108537922541
0.6573500499965302,0.11214178961198096,33,74,21,23,225,92,0.42657556498883237,0.39087181969569845,0.275669714656646,-1.140334707177844,3.0968117958849266,0.2986416923227937
0.8203677704578446,0.13934932001208322,14,189,12,33,103,47,0.39491890248162537,0.417560379190791,0.21148133920980047,-1.1220532386226014,2.773730482089809,0.4581972244502338
0.7440543689107247,0.12890540427945907,33,89,52,21,250,61,0.49910078912729694,0.6000643130199603,0.1463153083317133,-0.4025947115710644,2.3064175888941785,0.30349112051034743
0.7892651718794877,0.1378444292405807,18,169,25,20,246,78,0.1884413405065102,0.5224637280408683,0.2617032885197062,-1.3036464187549541,2.739578925430205,0.46326324254934315
0.7681200771280184,0.12879917038131738,15,111,1,13,126,26,0.1864726061125988,0.7773593458464457,0.14703823225139206,-1.400265653163596,3.041415062738274,0.4438876884039151
0.7096214867326658,0.12376529448215323,29,113,29,17,138,23,0.3250117160489508,0.32862353185722126,0.3967873462265927,-1.1888858671836116,3.2404613275030414,0.44612762897474223
0.7175613376237967,0.1202169997165905,14,107,6,37,171,77,0.5044767881757435,0.7768781702708816,0.12653570931359764,-0.4863684519807004,2.1872651232065135,0.42728645364560036
0.7403025089192566,0.1256913879884931,32,98,21,18,107,22,0.34926605364554814,0.4573978772589628,0.08267516580494032,-1.4696322591913606,2.0562908688869905,0.41978898431534617
0.8299953545101554,0.14100685248229627,25,168,5,27,240,43,0.12075799262617999,0.6421638414759281,0.19559739628304126,-1.0051734464360658,3.1893409590199635,0.26296220924899205
0.7299409026217889,0.12993498172270979,15,83,49,28,127,21,0.3279148396316257,0.37237028964130414,0.3048708746625302,-1.3497559989027426,3.12322742893325,0.39350170822024577
0.774055714265012,0.1330994778283776,21,177,49,10,163,47,0.359229224876961,0.42696968570452914,0.2159434888290602,-1.2253154779665663,2.333039519523132,0.41774546055064044
0.7651866780154032,0.12900585096263884,31,127,39,39,243,91,0.255560651906676,0.7511513039766082,0.15035308741408593,-0.425722298355629,1.6704727992451658,0.3589219325946495
0.691843804825122,0.12272982769548468,15,98,34,29,234,109,0.5345972897467279,0.5564213282291036,0.2671317137716171,-0.47745788765104047,2.5775746905318964,0.2813641196622977
0.7766771717282109,0.1323218568952611,15,164,3,42,182,21,0.36740180147039336,0.7827213233711157,0.28675586724001456,-0.5722627733051686,2.8655001395182547,0.3241049183831275
0.6931622685868164,0.12037253306608786,23,124,10,39,237,38,0.15799925930661238,0.4519342876275653,0.30270802735782876,-1.4382757934688788,3.060721069907456,0.4917100459379355
0.7701041155089965,0.127783045812065,18,93,1,36,229,80,0.23114816230807017,0.7353499314321156,0.15346783272531328,-0.5500396184300732,2.4020614801538,0.4154423694040525
0.817480836258685,0.1382500358272456,21,164,28,12,125,25,0.383011818337888,0.5472439430707032,0.08654552248726044,-1.2536526249319908,2.7611654475396086,0.37785263074310094
0.6340424898560555,0.1078750843133005,29,82,41,23,198,103,0.4718718213874042,0.8949961824694681,0.14846948769588494,-1.1595940326060787,2.715170225607701,0.28515874311695
0.8089202727594478,0.14333171072991657,14,124,48,15,240,79,0.46851196695669,0.7066445578841452,0.3234757724516208,-0.9664153993410536,3.0203510070349107,0.44075962992555107
0.7660827548701,0.13068010818814924,24,127,35,18,153,62,0.3226216095660739,0.7179509771223038,0.26070535479042417,-0.6679912498677978,3.4696493751061257,0.3962950364603375
0.7508189004339402,0.12602763653234983,29,187,15,37,118,101,0.4708112429426388,0.34602795627136174,0.12838708473622973,-0.6611715730757427,2.6987376757453045,0.30034021850402104
0.7363351765006197,0.12450322089129129,24,159,47,21,202,53,0.5336939416470154,0.7034853468976954,0.111659765122812,-1.2603154086822503,3.021243418384227,0.2555119993409356
0.7104084328586321,0.12312260395017072,14,168,38,5,212,67,0.48887293952027094,0.5585836463682138,0.2024548974491942,-1.0058506854266094,2.0671041267797596,0.43413569233545496
0.7687848251328765,0.1326260207547627,23,96,24,34,175,118,0.14758514545962756,0.30754648670809076,0.3123108046356264,-0.6617845860106634,1.9683033641101488,0.33245167894304417
0.7037533875503675,0.11930749600639534,14,90,4,11,181,53,0.15213268909997277,0.554739079353024,0.31817446148920353,-0.7323308384322735,2.162649020941762,0.33611382817992275
0.7660219117440118,0.13087572227082322,24,179,44,30,158,54,0.26132301645798217,0.3570314103423394,0.18782876829567086,-1.3620798586674494,1.7623283489632073,0.27487131723644725
0.7531294092815071,0.13192604601359226,31,83,34,17,182,35,0.3021307541021008,0.611694821113308,0.2568423561199881,-1.444694898204321,1.654917593602886,0.35696744021108306
0.7313920006816459,0.12482189011315525,34,75,34,7,143,126,0.2516259873759301,0.39427620230725147,0.31139438127386987,-0.9986803629576131,3.4174849231494457,0.28799784359622005
0.7238200678238061,0.11857259456072522,34,86,4,39,205,124,0.531133721420633,0.8791964022618328,0.05156819036484973,-0.6739642446267252,1.6374114511316817,0.35542565521085995
0.7834958897520832,0.13640480186551374,28,121,28,15,252,91,0.2167977722715532,0.6157374735057578,0.17223014690979496,-0.8221525455642941,2.6258121434132065,0.2848285480250146
0.8170482289610514,0.1415922720562215,31,136,36,11,162,65,0.38750567639027217,0.7779764231206703,0.319610005440124,-0.5096724971847909,2.8736134214451923,0.3268650235972061
0.7257783694488809,0.12486048558799623,22,117,18,21,100,60,0.3117789278513347,0.7564892157376246,0.23330693322060952,-0.40292746356820486,3.230834297125832,0.39230248536594814
0.7193302448468921,0.12936740753176168,15,89,38,19,239,35,0.21481877763413557,0.7667704174781467,0.37416482659172756,-0.7164801463249274,1.7066764846962694,0.38296752733940087
0.8147463515730976,0.1392059256358904,30,174,32,11,114,47,0.5192645302049795,0.7867498501400857,0.3359049505741531,-0.9248043209893525,2.70471663333549,0.4697272836080567
0.8007246831579722,0.13826210737703115,28,154,36,19,215,79,0.5086878780667077,0.724458934922388,0.2342066138968378,-1.3609535334396656,1.7373617724964021,0.26300872739351455
0.7166759996552005,0.11964663532457642,17,74,8,19,141,68,0.16039651587648926,0.43833860808797936,0.20828338494887472,-0.5558663437912168,2.982501005967666,0.4907381838787599
0.8098787186276384,0.1400608698705712,35,135,46,16,212,103,0.41947213771506503,0.722599079520492,0.2435382645148514,-1.3915519235395823,1.9815133394671103,0.4893913457494538
0.7388632782748205,0.1221698666400195,13,83,0,22,177,29,0.356509198912998,0.5781563994694366,0.14497842506455008,-1.009013053503543,1.9599497448572758,0.30913709995669775
0.7942780922926609,0.13295397506347517,19,187,5,35,243,45,0.14356018908537194,0.39712269423521157,0.059821349406689844,-1.2943882754437268,2.1176329583258746,0.43799492234596815
0.7548391271944546,0.12725862886992267,25,136,20,8,107,119,0.43127738046276165,0.6082722654363694,0.2517775669737573,-0.8121739076391397,2.7109177174132535,0.4645682891480683
0.781320473946421,0.1360586427540491,18,153,52,31,199,90,0.4283223135210384,0.4280792506807257,0.314268162490774,-1.0186461107457907,2.9266831731115497,0.49817502855995915
0.7411542435864097,0.1273337703009556,23,177,39,39,186,74,0.17020974401736583,0.352039400791365,0.38912952416575447,-0.8533767842156197,2.5648111500036777,0.4167846814228653
0.7591596143785249,0.13234520072249722,23,120,30,26,144,102,0.4061588518464802,0.41922493458980536,0.3096896640033304,-0.5884729121122404,2.4227410266844567,0.35639842059821136
0.8146417843102959,0.14095800974004002,35,124,46,13,142,86,0.5271128695652229,0.5771908386154249,0.24265583000553678,-1.22869131976452,2.5533829313209306,0.2690921896823365
0.7900389489638984,0.13870986767784133,21,127,50,10,235,31,0.3200154507898441,0.890085200664454,0.1999904601520716,-1.430532632997833,1.6026239694046316,0.4593527740904334
0.7721267018480117,0.13196636921851268,13,160,9,34,117,26,0.5363481732939447,0.446902383088665,0.22912390953274153,-1.3929336651777577,1.5863593119326538,0.4477349671305633
0.706207016225306,0.11935616204924071,27,79,49,32,167,23,0.13784122331586032,0.6240716658478852,0.3432978772196335,-0.498205406743356,3.489684670049523,0.2607824746809734
0.7402868855130331,0.1251222042024296,17,177,37,41,150,123,0.4864846787349935,0.7103246435268258,0.11768234106890406,-0.7748464879541441,2.6625777576236644,0.49251201564262836
0.7895449122968657,0.13429965344058492,27,160,37,33,127,57,0.2036718529117013,0.7114567801672679,0.3247591297789879,-0.4752412541278865,3.2572876373364825,0.29324564390076074
0.7302148128499543,0.12377441704062164,30,98,11,9,190,57,0.23254675730159852,0.7469030949609415,0.050639951366982384,-1.36739392463859,2.083600262764291,0.48182543524444454
0.7380986640808215,0.12954439526373407,34,104,24,25,124,102,0.2984075762108384,0.7160652303712144,0.34672383170327503,-0.8412685221161804,1.7891726636574659,0.4806679484390846
0.7565230180056981,0.13281598416832607,23,124,22,22,160,63,0.20561885523749734,0.48817332110714623,0.3055388898735643,-0.7906316735994973,1.5374399355959825,0.2626410848563339
0.7510132051238133,0.13095831587314066,34,64,31,13,189,76,0.4184075284879425,0.3817119590762212,0.39144625116574144,-1.4432249554959793,3.0928130978819635,0.4649174486291997
0.7888566159012206,0.13600504497110522,17,123,38,34,249,113,0.5293093055200696,0.6586676371050286,0.180284096364634,-1.4919658924947374,3.4406698245725007,0.30769928336381924
0.7477265453368849,0.1264237045876253,25,162,51,28,205,123,0.3179082030197095,0.5693758155160812,0.1010222850316657,-1.313388093295655,3.354559577997863,0.3818933987812591
0.6608632182269515,0.11361459279672026,32,63,44,25,146,118,0.43817022302115016,0.5800361177315257,0.26608885783596453,-0.48753897549425157,2.1555185043882723,0.31631818784656135
0.81249083075955,0.1385907860229172,26,148,36,11,171,48,0.3553883054668729,0.44222964053491426,0.10614679526678367,-1.0096730276750194,1.621882251680736,0.4696992870554103
0.7963313243062089,0.135943775057481,21,162,48,16,210,67,0.2616843497359009,0.41906804790141167,0.10443484427387824,-1.2977884368540014,1.6924184265895565,0.3852563073516375
0.7347082238340055,0.12694854340804995,33,90,50,13,178,108,0.2219426947638944,0.392371533785232,0.16715177585135388,-0.4564698659514774,1.6086800699011126,0.2549207881464562
0.7998857404406902,0.13860414197848492,16,172,3,38,230,51,0.1476089426855476,0.504755557412887,0.32108621231969875,-0.9116221373911785,2.312839107826464,0.47490983342603676
0.7418652521723026,0.126770598233525,16,139,40,23,123,104,0.17166505043510855,0.40552044976836266,0.18812547857237824,-1.0894899089119938,2.58361321890136,0.4865259620825152
0.7776796951246961,0.13393638362955396,20,116,38,5,155,84,0.18716356171734091,0.8449873528240861,0.25671350109643015,-0.8122695979613571,2.737188565917959,0.45972122613542366
0.7321182811000169,0.12360035760552868,28,84,35,20,131,66,0.254743592894385,0.30183938942028316,0.1437937788503921,-0.8266475501210945,2.316332185923087,0.45602090186787414
0.7627853974710078,0.12822645307308633,19,156,38,42,138,83,0.4460018830678528,0.41013690070072883,0.06681203832192233,-1.2285628697062667,2.1704256000706357,0.2658072231583771
0.7441245383601439,0.12796438121457054,18,168,8,14,189,124,0.3239367695869883,0.847155515692401,0.17371839341293285,-0.8527155614249324,2.625562800105176,0.3617510389385739
0.7122228743220462,0.11995629232256722,28,141,19,19,155,35,0.5472338906690302,0.36727374192563994,0.13855906702424658,-1.4203079506045824,2.9025197757446453,0.38365732075224335
0.7802895239908545,0.13402679473631673,15,150,31,39,220,59,0.29999816900849213,0.6943869785564487,0.19242592154529625,-1.3699803323004591,3.345694036274409,0.4270705143441694
0.733013123051242,0.12426288809399288,30,97,18,39,181,110,0.1910479140492974,0.728960315965196,0.29277427456678873,-1.1816785804156367,2.3175447786994092,0.27387003912995767
0.7582694685246029,0.13074431076027349,14,183,24,31,148,72,0.4362141772007948,0.8125588394626031,0.392503793673794,-0.49455624713930485,2.6290240033900982,0.2739238138637884
0.7637731905372656,0.13134849853867991,15,144,41,11,184,74,0.16929300037523012,0.6110568957473811,0.1601761375395665,-1.3679295213761646,2.9307967407909867,0.3586223595632073
0.7092089893207781,0.12168431994068007,13,124,43,40,232,35,0.5342785642332137,0.5906572804744167,0.26665647459305475,-1.230411858470079,2.8228431874676683,0.3534920829034625
0.8430522907755743,0.14780169036085833,22,166,11,23,197,52,0.3673425380202722,0.876856377814176,0.3914182485325741,-0.9379568026878871,2.21844226703423,0.4742238971088901
0.670323128642219,0.11485714642323197,20,120,22,31,139,100,0.14713489694364282,0.5445572199574323,0.14511435895891522,-1.4757726982020558,1.5674948131287119,0.32315901779057554
0.7323961267244382,0.12686726539481596,33,121,12,7,136,114,0.3442843594708587,0.6091294995133678,0.24598712120591532,-1.27867833072995,2.6300443108828953,0.45800487847073884
0.8262109006757833,0.1458104746824762,12,148,45,5,157,108,0.34903018132950925,0.5886330926616984,0.23593741371347554,-1.4945457515574405,1.7310190183804057,0.29317765581732896
0.8042731064393931,0.13833250878436587,34,135,23,41,212,84,0.33446163519160976,0.31637120369345045,0.30926151499641596,-0.5566861283809286,1.871238167626906,0.40726083267819324
0.8211033006995354,0.139949786880174,26,144,27,39,186,22,0.29399918417713244,0.6432480808151566,0.238313074040333,-1.1261784529363756,3.3395466438603156,0.4409216059885678
0.7030144451138044,0.11909829063629407,26,81,25,28,103,63,0.37470199381194197,0.6391513314679983,0.31443334231938924,-0.5074551385635235,2.718097553155334,0.37759973744981934
0.7340212776349709,0.12348617920706229,33,99,11,36,149,124,0.25966410374022814,0.5074984479532352,0.1484858331242488,-0.41676889256505467,1.7349231430295318,0.418781535555325
0.78807093828829,0.13371283442314486,14,136,48,31,154,97,0.4642024005335018,0.721623523313825,0.11490012916291047,-0.6190235571050274,2.733049999655633,0.4879838780744742
0.7213845953224194,0.11964192453998246,24,79,12,18,223,34,0.4266940257340726,0.8694798890015869,0.05827562605770392,-0.9887877473885712,3.0122012860634193,0.30843414748202336
0.7690519118591784,0.13263922527372762,23,91,23,12,192,38,0.16872636732742108,0.7579917025660137,0.14994754045355085,-1.0447816567182724,2.926330121028391,0.39110371971964375
0.7788844608580437,0.1334488612399578,19,160,5,5,249,51,0.19873567787825192,0.3097807027495488,0.242119933262432,-1.4997092599727255,3.458933194057093,0.3782880897664261
0.6895567603668469,0.11750216483931508,34,80,45,30,162,96,0.32664377765498087,0.7004670392245227,0.18533197371058632,-0.8552885693297839,3.0944006112685463,0.35393503080492483
0.7540645528529728,0.13027865274233208,15,107,41,24,166,113,0.2841366839649725,0.5115549829778361,0.08534148748724282,-1.44157026579695,2.7767415244910607,0.4519469941678341
0.7642235255494413,0.12756925060771085,22,141,2,31,112,66,0.4470761235093798,0.640429526707669,0.07463838336323955,-1.3204695172573162,1.6806539648596064,0.26298366063551015
0.7713274225920472,0.13713832116684865,25,109,18,16,159,23,0.2723338920450409,0.514430436081709,0.2895978626730791,-1.4434612464420378,2.065661246057678,0.47789834798805825
0.6706836303068523,0.11631852552649558,24,104,29,39,216,58,0.3643360611620544,0.5219960591864014,0.3356725710701015,-0.730764377455445,3.203861215882559,0.25154926134924616
0.698139455785538,0.12233352883850879,18,87,29,21,250,91,0.3863961864842096,0.8278992293765262,0.32588463295800957,-1.177125131153405,2.77283158976348,0.4446162996118011
0.7447866360744587,0.12582964145418019,18,181,37,41,114,36,0.36352613949753887,0.736841276744125,0.1756691601141067,-0.6593913331790786,3.449322854243584,0.42150578182172815
0.7898166078689043,0.13289038053516866,18,182,11,36,221,37,0.275084166002244,0.5515156900850149,0.11728130279921901,-0.758864393734368,3.4215879651142704,0.27820750973194763
0.7285409313272623,0.12770540595565172,13,177,17,19,161,68,0.3299187600121993,0.8417987365609,0.30257139612178363,-1.4135556774729605,2.3111642791993128,0.4613336060384641
0.7365057835539859,0.12490925178615053,30,148,19,19,172,115,0.3938986842992748,0.38447446189960316,0.17062142759090673,-0.8641246780449034,2.529519620229613,0.4117541088688131
0.7099255800756853,0.12475727769276612,18,110,30,21,164,122,0.3575119876429646,0.864124908138103,0.3283077060823163,-1.0769009838270922,2.5602667329236852,0.45661629620007144
0.7938039849738618,0.1362937979717338,25,185,33,27,141,123,0.13480604205387747,0.49000574941889646,0.29628037339017815,-1.4291775219393983,2.685724704890241,0.3384059077319421
0.7947696961161621,0.13780848782386546,22,153,29,5,155,37,0.5241951488729221,0.4157771478916099,0.35387893174027435,-1.3215847576967517,2.355314395003858,0.2963704864428891
0.760604421900604,0.12952412386770473,24,147,15,38,157,36,0.20068887077171127,0.32528114896170457,0.3061883045560487,-1.0640363425871937,1.8328527984615404,0.43800224961128076
0.786238658188025,0.13253065329915104,16,156,16,13,202,31,0.13227369076271478,0.805501341309328,0.07150855308178639,-0.7820785014520159,3.3044250128938844,0.3733924063397731
0.7321974985147554,0.12315726789382575,14,126,0,18,117,50,0.18220993875919164,0.6508365968255968,0.07366653058655441,-1.393050065486316,2.4791064715952524,0.2792754317197047
0.6782544584950186,0.11482281288726726,12,82,26,39,191,115,0.31790959645681516,0.3670236575178713,0.06473137463414946,-1.4307229829800383,2.1566190181025497,0.46077287123694655
0.7151252214406297,0.12265358441032159,21,107,34,8,127,31,0.35910691154004765,0.5526744424429261,0.1130565126108887,-0.5667244794976765,2.5660981498426523,0.4978537644650243
0.7489334085647854,0.12839185717971113,23,99,46,8,122,69,0.3232549534413103,0.4800309942873106,0.07899352435420696,-1.0313896200622976,3.378398481175699,0.3932888910862638
0.7899451693377999,0.13436067715725586,32,154,7,26,243,116,0.2955864879173143,0.34924131517392326,0.23524312339421435,-0.4859386433736017,2.939760459574262,0.3969224077700204
0.6974935611407924,0.11765161053823148,35,89,34,24,195,22,0.22748921473233571,0.6719232224100254,0.06824631020153187,-0.5794862112412088,3.23535696390691,0.2586824846471102
0.7154589836453447,0.11851967641317374,32,138,1,23,127,116,0.3527943473814506,0.3426376231162743,0.06178069627536411,-0.8212125421005083,2.766410839280346,0.4149788245551082
0.7458702594933703,0.12286528851052791,30,98,1,36,161,50,0.545170525308911,0.7353706051913563,0.08931105096008646,-1.49641021590304,2.2279283348339964,0.307935916865843
0.7637850812912155,0.13369284886003907,28,125,29,18,179,82,0.4584575709357632,0.48976770102124995,0.21250404509562634,-1.4587953995013734,2.4063673473921092,0.3406784628358549
0.7914087241065803,0.13574256189576617,18,133,13,6,124,40,0.2653718465021002,0.5494073131812662,0.08427362139246475,-0.5210148889888819,2.4847664138680647,0.4880398232640597
0.7095902240161925,0.12161220495788783,20,88,51,25,102,66,0.16504793563152328,0.7357561939514057,0.20530677628557645,-0.584718315879966,2.5616783079808902,0.4614863727056333
0.7818898953961513,0.1349728104002974,28,168,36,11,153,57,0.28478484199194787,0.7070703945236877,0.2845744405980234,-1.2562258671965278,3.267326033120213,0.35178388456152127
0.7906612934829158,0.1347725768389334,22,155,20,41,209,38,0.504983007160761,0.6201363342898558,0.27268609020837026,-1.0909665339484143,3.2654057843838764,0.48521990179625507
0.6948643287245997,0.12190951636309388,13,152,7,10,213,106,0.3069475644421242,0.8291942010291429,0.2533429912692086,-1.022319339761342,3.244410332101487,0.38133925093596255
0.6789213969853458,0.12163544151383232,13,86,43,22,238,115,0.28447824303866764,0.7470819266456001,0.24186931256968616,-1.2523345823289356,3.368012028685742,0.43426609571014346
0.7320268748121377,0.1299348440748378,12,123,36,42,138,125,0.12640614375646242,0.7157593582449184,0.39019263578406155,-1.1960869698718923,2.241551597675044,0.3457937500881884
0.7697938645862746,0.13494765450617652,15,145,22,19,204,104,0.3583226972078468,0.3988750906330756,0.38302319728929124,-0.9158832325419687,2.200480295932664,0.3987010612854558
0.7931067366005488,0.13625562022006843,21,177,20,34,152,76,0.3137808369243792,0.46064998404076646,0.3218416041571805,-0.8852062590188358,2.8042516156205934,0.4238196108163792
0.8068185083178183,0.14063887123605712,13,176,9,39,231,76,0.4647588232273777,0.3194507376199283,0.3296321801680137,-1.0916812430765805,1.675535116617582,0.3443368799146114
0.8043992775943775,0.13721606467198866,33,153,47,33,107,54,0.2064235140908172,0.5461750354450811,0.3272164124270192,-1.2755771285574018,2.1308419372695524,0.3079240320420724
0.6989711299787651,0.11737493857826298,23,66,21,41,233,46,0.17947359367482815,0.7055987195060206,0.38054680644585437,-0.9777708019923559,2.039181909779914,0.26104421395342686
0.7819984031034624,0.13453148669077963,18,158,5,11,216,53,0.23755905471540073,0.5185394371825863,0.22194047307158707,-1.2804710507827477,1.733042702433371,0.31263664580669104
0.7463358762927472,0.12427211755873757,23,117,2,42,134,61,0.4686083121697676,0.4093513610975843,0.11995371486151034,-0.871401187510712,1.8216783387544824,0.255598152975655
0.8089502762942041,0.13427216594315938,30,149,40,36,136,22,0.2734410047446884,0.5889678173399654,0.10782504033875602,-1.354309073006079,2.8996893036460323,0.48312733925175355
0.7578862520977525,0.12817198557650156,27,153,14,17,171,41,0.31275853230902106,0.5017531478400348,0.1965407291414179,-0.8046030031048114,2.7388113823385076,0.3007768699406389
0.766370651462189,0.13211082173542166,13,176,44,9,233,69,0.28885087302979134,0.5968259905883885,0.057578940298363954,-0.89828066864918,2.5477578139446253,0.31291228998036125
0.7600911374648883,0.13217622283477626,12,123,3,26,112,111,0.39639396318368264,0.5083645098551641,0.30386247532470545,-0.7676404965070642,3.0651902896060914,0.424112918543596
0.7007325533262769,0.12147707942389996,32,89,13,15,230,117,0.14797890045842288,0.7975112550173135,0.28932121848787284,-0.4831997597772291,1.5708324736214663,0.3296143248476197
0.7706557944596535,0.13247171776976874,35,177,45,23,248,38,0.4794784448091759,0.548774850624696,0.2542250749012848,-1.3740607291768712,3.1136688014480667,0.3037268060135182
0.7818228287414078,0.13700565406535525,33,109,50,16,234,115,0.29716539168542777,0.599951067642172,0.39959105387835225,-1.1780606161312506,3.2389446238792066,0.4715514849154154
0.8276280780124152,0.14892593960389777,12,185,33,24,195,75,0.29425799483990805,0.5766154876690119,0.3953574267320022,-1.3061530023722574,2.631195343634584,0.49669899313516885
0.7371377371570966,0.12873499673577427,12,114,38,21,123,84,0.2506487037830134,0.5880299071395715,0.29640826283054256,-0.9866658754402129,2.0660264908399357,0.4486134239528905
0.8175250365310979,0.14249224100451707,25,135,35,19,175,48,0.3103613543419743,0.8822055060912385,0.25817293730902446,-1.3513466020786746,1.6156853544907024,0.3201142299311104
0.732274943594698,0.1272017298046848,25,97,16,9,228,94,0.30819202334017964,0.8276715553193598,0.25149483882843815,-0.6000234161592878,2.65520946651061,0.32202535033106394
0.6695155113398745,0.11230088756136847,34,91,10,19,170,87,0.42104024492565095,0.8472498687443105,0.08168434494853341,-1.321470384150548,3.2480516502398835,0.281986870638438
0.7576227041504159,0.12825321749775132,34,103,3,34,184,21,0.49740665577741366,0.36863364743841126,0.30210910637979627,-0.9067053187258369,3.216389066844092,0.34204041845441
0.7986717226034231,0.13611946398383767,25,161,2,21,184,114,0.47577592611372427,0.7098502727505966,0.14591565249400085,-0.7613679645596643,2.932873380326434,0.3735998774881659
0.7147216350337335,0.12436653568938838,29,88,52,28,110,76,0.46315251673732893,0.46110715826788223,0.3708920145376357,-1.0539208824600637,1.6726194215614105,0.49747263758022336
0.7183974178436469,0.11948518192434743,19,75,7,29,244,33,0.12778366300902788,0.5573814670643895,0.20570113787903235,-0.4472777592202031,3.1535790631120055,0.4388224987656319
0.7642674300718967,0.1326247177453832,14,171,51,31,163,74,0.4286246053526992,0.36231945129873766,0.19508765637777883,-0.992328872215388,2.6743757357507842,0.39189652181682255
0.728805300946587,0.12722617113712498,34,108,33,29,179,122,0.24518174989689517,0.5758696889720001,0.3075235177795921,-1.154579387564407,2.952188467466385,0.47264916905654386
0.8022447117168446,0.1395280155309795,28,174,19,8,184,66,0.32940213845317456,0.42223144533711837,0.3463619555100031,-0.9747246588384211,1.6389306465668976,0.3924321366540092
0.7159402961367696,0.1176532499315126,31,78,2,28,183,74,0.2561599218704674,0.3721600655182203,0.11979423404607495,-1.4209397008872295,3.318976928923594,0.3301856847507942
0.7822898293030035,0.13936715111401243,15,110,34,23,117,85,0.23654339794371881,0.7912111579595714,0.2851130058136032,-0.8341876090347512,2.6871115887033765,0.4567236021720906
0.698617961100113,0.1220298117912535,18,112,22,28,213,108,0.2587889080860065,0.6274225882023801,0.3342355915586318,-1.2819539345300652,3.4190641629495286,0.30628536149411
0.7563784240467614,0.13276135928235533,25,132,12,8,200,50,0.39919630116296717,0.467224621889977,0.23982051790946354,-1.1652521231490698,1.7346500827859244,0.38759843733582927
0.7882010207906617,0.1366690107649975,23,123,50,23,150,112,0.42887260387635806,0.885325037488936,0.2783205031049973,-0.7645483353713101,3.3439386289268924,0.29375794389604104
0.740228238724219,0.12826055455726548,21,110,13,12,102,92,0.2188209635301114,0.3940443618183924,0.21718468149060002,-0.6062982173537573,2.2781258484856615,0.3778479970442436
0.7820203317665835,0.13093173854562457,27,175,17,34,168,24,0.43964162252013644,0.48668923491092436,0.06993072628940543,-0.7758218949053213,3.2061323085283275,0.25387979791849163
0.7727954955110767,0.13427962795535398,17,115,39,21,214,70,0.4319161214002794,0.428537432377616,0.24734982871953778,-1.0736266962291598,2.4833730696237737,0.44866787492587235
0.7283179435704784,0.12227394627212718,13,141,21,39,134,111,0.37788231284092755,0.6753789961255707,0.11893212575003305,-0.6165034988363421,3.027866214004937,0.3213472675583122
0.6989629026829061,0.11719265318050298,14,76,11,18,126,42,0.5025431252776713,0.7480125586813191,0.21377383858738522,-1.344460596499885,1.659959053797545,0.45414733960979786
0.6865394412593753,0.11915404970976473,20,91,43,36,144,69,0.17209801981460168,0.8911817586880064,0.3007944708021074,-1.3791380965749784,1.776989063975496,0.3332635010851168
0.7782777535998051,0.13155989041387417,25,175,5,20,131,29,0.4074177573187972,0.47283052496728234,0.16506489528002577,-0.7548942521554384,2.1192446048520504,0.25941098524952444
0.7248680902167108,0.12399500017346332,29,72,48,6,240,94,0.3672970560452302,0.6666248451151032,0.09809474177330553,-1.3734880483318914,2.333298676297928,0.46410515746467373
0.7126169169239351,0.11940852387094303,24,65,16,25,209,109,0.47174604131739445,0.5114065610190222,0.304009968894207,-0.6323681380085292,2.366258672483718,0.4822941694559859
0.7608936162744523,0.12949630375255405,24,172,49,22,197,31,0.5001692357342595,0.5761499855352498,0.13170976491710706,-1.44209859481007,2.487788455337994,0.34662374320758044
0.6938568514599428,0.11535566717673196,31,113,11,42,111,99,0.501312124308064,0.5626566606883917,0.1347637052487025,-1.464886731451844,3.4340475367133783,0.4902028793570721
0.7620768551248637,0.13468553401553418,12,156,28,5,233,87,0.14856741517190875,0.7919546006486305,0.34419993403902827,-0.7743201786255525,1.6094136559940364,0.26022992935553474
0.7027667060911248,0.1156123412725596,17,109,0,37,128,106,0.15801642756572576,0.7290455725697602,0.1902109831469557,-0.498189675934368,2.271323078830983,0.2644630065651171
0.6702104508326737,0.11467654059599419,12,129,31,8,248,57,0.48103096573512766,0.8460633267301692,0.16050897371010137,-0.401931732053159,2.37183734964636,0.267872094801387
0.7171885275546359,0.12400652277327762,19,100,37,14,163,89,0.3455670610833897,0.4190918714164711,0.11152720742953305,-0.5528048353632767,1.932754408307883,0.41800657859657175
0.7015502056931259,0.12131808888235063,34,76,28,13,241,117,0.16527267948770183,0.515178518436549,0.24997972369878962,-1.47245736523464,2.9147050875669307,0.39221858714671376
0.773743267000869,0.1289527590808155,30,154,48,16,106,74,0.1242966119391444,0.7115167682308754,0.0864409311410279,-1.0887606500908933,1.5851742066538048,0.4232594797920963
0.808195559353152,0.14081487305950158,28,144,13,22,209,88,0.19323348905161225,0.8654679960695357,0.34196253520233527,-0.7150104079492936,1.7569515874653567,0.26514131279842795
0.733575985784976,0.12216913392408801,24,109,2,26,117,28,0.34629256425303256,0.5481491300955081,0.21569753378198972,-1.430182460566674,3.095534908762261,0.3615816129894708
0.7175652247917285,0.12407022507276966,34,123,9,41,114,99,0.30706569655019794,0.8019340221947765,0.30722525701430514,-0.954917251249571,1.5893369049494686,0.3677501557186461
0.7412570747576954,0.12487772292999355,20,190,35,23,101,36,0.3780587086569001,0.7787127509168521,0.20753831469180845,-1.1517899475784246,3.358830358304356,0.3983458189364882
0.7604101984540973,0.12666610073863604,34,65,7,15,213,86,0.24702260202969714,0.3411264115210869,0.08180928728764476,-0.7508941590075623,2.6489682967088775,0.4397082433779028
0.6715309952540028,0.11403659516758857,32,63,41,34,227,63,0.15831375850618049,0.6117650945750233,0.24546374101296872,-0.4508827360096086,3.3811810213893967,0.4442803509277275
0.7178979092414774,0.1263956547325975,12,111,28,29,233,96,0.3775228961721371,0.4069576336695427,0.20597622629316,-1.0757832243211942,3.1370957538883943,0.3042134034945932
0.7697160704934309,0.1307719990047307,23,116,49,36,184,85,0.3982535272986363,0.6526550918343229,0.30537369903110767,-0.4831050417824454,3.3266336993969237,0.46110059788019897
0.688643332174076,0.1183145070752114,28,68,48,22,212,94,0.2946370011124758,0.794833750119962,0.16773523608499638,-1.2394740617602973,2.57676095374038,0.2858260590939686
0.7453989877486091,0.12719192184636485,31,114,15,20,128,46,0.13843229162177972,0.6426499653438481,0.15767627454035832,-0.8264631960268843,3.0066667379217176,0.3301942666625498
0.7224627623899483,0.12339384968688494,31,114,14,38,232,49,0.12139022442984646,0.4598433676310539,0.18620510963291642,-1.30777825502586,3.088957392214316,0.4934905907218341
0.7727598249757325,0.12924957969242024,25,132,34,35,140,28,0.47599873508430873,0.6417409613442856,0.10579505747285475,-0.836076166710763,3.212205575464772,0.3583287341929528
0.6826853564472313,0.11615981792969676,35,76,42,35,171,91,0.22097781509166306,0.7189200911472262,0.32619046818094893,-0.7277534429599325,3.024689622841868,0.38647610946049377
0.8018763590197647,0.13779529305237448,20,177,18,25,178,51,0.23918074381577203,0.36270282393031505,0.19416946913390062,-1.3630908046487349,2.6220609006518005,0.49882564056301804
0.7974721243363898,0.13671826873355242,32,169,48,17,183,36,0.3532157228299696,0.6624844417767635,0.2365567302988593,-0.5508671753820326,1.9172791454054539,0.4946126249754047
0.7609892931617701,0.1315258506260264,27,136,4,38,240,74,0.40419524824453046,0.4780565311875566,0.3131258277720423,-1.12282021050049,1.6977972402861368,0.31913035690571967
0.7839475700396297,0.13233132033911033,25,141,20,40,252,69,0.2397373924544197,0.7783158517368995,0.14202828970756926,-0.5960588739997654,2.87625447122922,0.44942697260401515
0.7514650643818175,0.13186126682507382,12,146,5,8,140,112,0.22812660970705892,0.7520958490749824,0.27167703731688064,-1.42075010760986,3.2343359961933347,0.4772478684318428
0.7618936064066328,0.13214120860348588,20,128,32,11,252,46,0.48550301412804464,0.5369267073556435,0.2828965045819252,-1.4016076961312343,3.334959674565405,0.2934932683099888
0.7570348726532745,0.12704260082531982,33,115,40,30,145,92,0.33458955670147855,0.5042440267763255,0.10183073704696968,-1.4342175694506745,3.156564286604915,0.4739659264586636
0.7462341571805797,0.1258009424653488,31,76,5,27,214,61,0.24951363141777141,0.6437985646447902,0.3217940200087452,-0.7867707825723744,3.062419189845918,0.4392126534652613
0.8027928273978132,0.13942141369322103,25,155,37,26,238,97,0.4929326686325768,0.52092830644918,0.2648314836460832,-1.442350874792874,1.6873242397753363,0.3597283624692873
0.8145606966276462,0.13966524833480953,23,152,34,39,220,32,0.42132879897010406,0.7175655110235061,0.36383936765220615,-0.8491110643350938,2.8193596577043594,0.2597235392506686
0.728817469990986,0.12368826787071496,16,101,8,30,155,93,0.27726277454039616,0.5380733448351388,0.17279486518478565,-0.8092487108170688,3.39156758158163,0.43741956811200866
0.8273480734261195,0.1419126587270776,17,112,36,27,117,69,0.5415268920321776,0.7614783402442443,0.07927874276444158,-0.7902947464612174,3.1081635136550774,0.4056091440019345
0.7956627809245784,0.1371761542242036,21,165,34,42,149,102,0.302246187195268,0.8163985223659267,0.30640795079744787,-0.42428589519920046,2.9592017766078316,0.36277276112503976
0.7655621336222279,0.1319697117778058,30,100,14,16,228,111,0.2713697391120235,0.8125249833239547,0.11423958662343148,-1.357846156328806,2.1684050319747614,0.4938365099736395
0.7487595069832702,0.1272019760622709,27,97,19,36,213,59,0.12152062096756186,0.775629302445153,0.3047333437334206,-1.1422902179153251,3.356463558419791,0.401165912005383
0.7316536061225049,0.1277947714973262,23,104,42,26,153,43,0.4914430709149639,0.43115055347500647,0.3935199170779158,-0.7420681579290259,3.094594470510228,0.3432441805793147
0.7205200680535724,0.12048214389777057,35,96,5,27,198,82,0.3716449912681502,0.7586268383353603,0.05245504541069409,-0.7945409214340221,2.332477914740546,0.27207119468840435
0.7183988095930577,0.12472238700911009,22,82,33,13,178,98,0.42471993627238347,0.36945382136815763,0.17182064968478017,-1.234100199669848,2.7632698395994915,0.26645402615316294
0.6820780263745624,0.11755904194568667,34,63,44,25,194,64,0.4898033974458401,0.6691920679557322,0.3642335933528221,-0.606663771058264,3.039468459492669,0.28239522078137125
0.7735684652620299,0.1329024593407775,30,187,37,31,183,28,0.3924004190842045,0.729912318382651,0.3284929677423792,-0.5323114655516998,2.1737030758523956,0.3554298151567429
0.8040221504936517,0.13858403898710447,30,150,46,11,233,63,0.3610727760925627,0.4832779323307313,0.176907607777049,-1.267651132465981,3.4115991353154125,0.48763605172576224
0.7766255295949422,0.13029648023519158,33,158,4,30,206,84,0.46933854902764294,0.31811601203406664,0.08502629989692223,-1.2997797736211123,2.2957726265187874,0.40801837553150777
0.7138937015187972,0.12266466745534887,13,67,28,17,120,94,0.2477996752663895,0.8516789184608823,0.1296379930475517,-0.9471521741011394,2.7604266986187165,0.3994809748156867
0.7579045286644321,0.13118416657030796,25,101,45,32,120,36,0.5101028848327781,0.8396523894280684,0.15593281581286703,-0.8899867615520262,1.506812458550975,0.4714036177313724
0.7347583380565293,0.12924200713212408,31,106,28,7,188,82,0.3141968092122771,0.4672109934724536,0.3722513720149752,-1.4742551908954227,2.694727023904058,0.4608464209969572
0.7555341696846782,0.13152166150419053,13,138,12,42,125,51,0.13501296390520806,0.8114992797764565,0.33986475200074745,-1.1704223875211264,2.9663321340338005,0.3238541718586784
0.7081874981712343,0.11759505883386168,18,79,2,21,147,116,0.5387391403745507,0.776889642264886,0.3306511609390617,-0.6246096868402301,2.6101900349345915,0.4418106327395963
0.7702144374261995,0.1323525912468888,32,145,19,16,147,33,0.3582162515378874,0.5142092489492165,0.3161633285085552,-1.3609803119264854,3.077073918104714,0.3635133993781561
0.7540892110822064,0.12973740870678818,16,184,51,20,188,37,0.4948754449500208,0.8479326009682656,0.36744744770887683,-0.4204279686114646,2.899821477673238,0.2654928905657351
0.7819090521018952,0.13173888782883258,25,121,33,12,112,62,0.2653045427852322,0.3894533832043488,0.09659199717040513,-0.4400295877180408,3.3737599605138033,0.31266558477339756
0.7258391784126047,0.12195924513774203,16,63,5,33,196,66,0.409069771845793,0.48733934077247165,0.34772822500757555,-1.0968379241079043,1.5782397279863525,0.337383989414511
0.7891299494759002,0.13489771880372237,28,178,34,5,220,49,0.5351646956091659,0.7300719315975287,0.23696596364518674,-0.41897427188704667,3.462980051864951,0.35960157047372887
0.8113417501972061,0.14223771994458145,18,168,23,26,232,77,0.1459450772587227,0.6209973247897387,0.3060802903559972,-1.2974294961747892,3.114699022209458,0.36571345484222184
0.7476473039156977,0.12634400056487016,21,126,4,32,111,90,0.5054173311652366,0.6554146289469166,0.12738958104811712,-1.109887160765993,3.3525986840057813,0.411491820483019
0.7530648471555537,0.1290172606549158,30,153,49,18,153,27,0.5203035127363376,0.670271230347393,0.2962317079592065,-0.4286407106627225,2.830626300554275,0.35663068859625857
0.7424967202532733,0.12357935665365405,24,124,0,7,106,32,0.3092717070881302,0.46307242464934245,0.1604187983141245,-1.2026141471269478,2.119876402334077,0.35713304362105225
0.7989481112099925,0.1403391645370009,19,181,32,15,215,77,0.31723216306440205,0.5215043352496985,0.35080318094157037,-1.4057612089419806,1.7139632075040863,0.42421915371939156
0.7672293291277603,0.12899410855095317,19,132,3,5,250,48,0.48329986044013257,0.3023532433562844,0.09297056842566714,-0.7247654837388053,2.1483525063947058,0.343933386303945
0.677142262140362,0.11282673080833727,35,66,27,20,246,90,0.4905272248328502,0.3962238045095075,0.05950191635771435,-1.0470026000618233,3.370333097919838,0.37746261983433793
0.8051126345078735,0.1379829778613204,32,145,26,8,112,31,0.42528427819296705,0.8105277609291185,0.33929458000779766,-1.3914954015103451,2.555790359303871,0.47618524772856397
0.7447921859577016,0.125641483205565,28,138,37,29,213,71,0.47472388131499454,0.35275492393167485,0.11242093216603398,-0.9752618521123906,2.3039377808068293,0.2876524115844926
0.8244443069428005,0.1432265697063584,31,145,6,16,186,28,0.3794172848577108,0.651544125344983,0.33968883410995293,-1.0631767997651684,1.876853150490102,0.3516948436555176
0.7173838863419973,0.12574027223596196,27,105,32,27,127,43,0.22210014046841267,0.8464468166466432,0.34175814625583156,-1.220002061067292,1.5025443305591304,0.3682110471388963
0.8070965959462927,0.13651021867339663,24,169,29,27,101,82,0.26058845236018724,0.6398102984908794,0.1978349212075699,-1.0952524574942608,3.3458880720977495,0.3698941826857401
0.7722900864097482,0.13109545532603217,26,161,51,15,142,74,0.25063155687934036,0.49605040425664704,0.10924476177528904,-0.5711551220311717,2.1911481739477887,0.2569648200333908
0.7470073088002248,0.12756998618681292,32,74,17,26,195,38,0.5150943563371937,0.7972579385545334,0.35814760215084057,-0.9601816301126361,2.049601243864495,0.30598719683071984
0.801608705799394,0.13769604801712498,30,141,23,35,152,25,0.29915661085621453,0.6672931308012283,0.37864888255523566,-1.041995131658903,2.6049007712592416,0.4670836238824245
0.787982072669544,0.1378278145035019,20,108,37,41,210,89,0.21431589742603638,0.6379652178555192,0.2041550104308594,-1.3617435146666643,1.7481889272437439,0.3608091614797947
0.7203453817236842,0.12007587499808348,16,85,2,17,111,83,0.4551120040850095,0.5711859839858544,0.24915234946848966,-1.433181008067384,1.512075828508524,0.3553047548106697
0.6971915557865416,0.1173906877454749,31,165,38,28,209,97,0.4650041625021532,0.3409800208692975,0.06542047247630625,-0.4788918890317354,2.568635316087983,0.35756104264744815
0.7225610274231086,0.12111927900754349,32,81,14,22,228,52,0.22795607580010385,0.7497872843159664,0.06134766559734205,-0.965144276772845,2.532221284119634,0.38585417511220194
0.8044075902733745,0.138212279216124,15,160,12,25,130,88,0.48994589579952874,0.568870482872278,0.3081630501796218,-0.6398287986407515,1.8160882003105658,0.3692937871136075
0.7569677000604234,0.12924758228249922,21,173,34,24,103,93,0.5138982237357234,0.4834023091345298,0.37700098714510427,-0.5244614442351102,2.9311646012626733,0.36520347206988746
0.8544422488370096,0.14731017206249497,35,143,3,14,183,23,0.45715962757697187,0.7282196850114959,0.2537375963453599,-0.979750793089134,1.9882252575466828,0.2683983710109514
0.7813231165827619,0.1319963900302754,23,176,0,16,130,30,0.4563308311401824,0.33254053932829974,0.12869163956839072,-1.2356211415859877,2.4076126254641323,0.29731513415576083
0.7244091610409782,0.12526313153206248,16,117,11,42,116,77,0.4270444009883221,0.41715712102586533,0.24943954321186426,-0.7741147179399153,1.7929685351936595,0.4010686988587128
0.7919336219830158,0.13684822909914574,27,123,47,9,177,113,0.5140632981548067,0.6781118319360362,0.1525908730569284,-0.7444550136123206,2.117623627359702,0.4092777122553751
0.8290496624839137,0.1443227092071031,25,140,52,13,122,38,0.43112403346275463,0.8871511198857047,0.36071394560864983,-1.3463098796341766,2.220002865806889,0.3217015018618101
0.796825389680974,0.13814432138689425,26,140,48,15,156,83,0.3707552675662134,0.6108012168697401,0.3331497373319413,-0.8702163896342506,3.4571192816603453,0.41851430877076523
0.7601730370871399,0.12924751989195826,31,169,43,22,212,29,0.35844286469269016,0.720899805075917,0.10640490949121138,-1.4178425144312392,2.861934654724261,0.39545150538468565
0.7774652179374614,0.13237603304403822,32,111,35,7,206,113,0.5185009885759568,0.4870296861566322,0.10731376286419976,-0.5877007249043581,1.5206867767079972,0.39467013769980874
0.7061859064609244,0.12270369456849939,28,101,31,18,149,22,0.3733778521227164,0.373187492056295,0.16671196728150298,-1.4012845949351422,2.3321320693790533,0.4063900590989339
0.7634551198845015,0.13218944656499265,18,100,21,12,160,48,0.4050697970311501,0.6697897941440305,0.22148470248741428,-0.9091050938986508,2.1143157766270626,0.30775218716691566
0.7822004093532292,0.14361875891134268,12,114,14,13,139,70,0.32185809705055074,0.34384159009105747,0.39511341035086267,-1.4976994774838643,3.1371830518180825,0.37594626830698386
0.7559630335563331,0.12676738936717902,35,111,45,33,115,72,0.2299852088315336,0.8057686067144235,0.1552658993930739,-1.4624091602245521,2.823148374779839,0.4430359773158094
