Sharpe,CAGR,K
0.5879185541843786,0.11515633657215751,19
0.5709776837357353,0.11511148356500955,19
0.592410366254016,0.11717768332026157,19
0.5525654622339329,0.10652194593418707,19
0.6926603379317781,0.14005140515391412,19
0.4302967679232542,0.08158870776623339,19
0.6795610725106698,0.13743202824012024,19
0.6108523580408404,0.1243227987644111,19
0.5144136516120167,0.10507503838294507,19
0.46215655781353737,0.09082303528443014,19
0.8192960883950846,0.16885068123082148,19
0.43494378970764896,0.08714526694001945,19
0.48300676886483795,0.09896786494317511,19
0.6093323870563255,0.12718261960636124,19
0.48664790276942516,0.09314178855942679,19
0.6938217916468865,0.1441335843192637,19
0.7672589382579066,0.1578778852133167,19
0.5439569841942034,0.10977315034484425,19
0.5553178760188675,0.11117072242828807,19
0.7121740316184143,0.15170869514481855,19
0.5976538375248972,0.11826972669593849,19
0.5288739482804536,0.10059794716525094,19
0.6316874157847265,0.1275367045013831,19
0.4917741361345923,0.09882395622178342,19
0.6612596434599437,0.13318254319703282,19
0.34862638545812147,0.06519772408300328,19
0.5164751853495526,0.09833004791830668,19
0.6045666365068825,0.11922983774632234,19
0.596229799892338,0.11951004015902966,19
0.5083363204834195,0.09654058828380219,19
0.5389762624973545,0.10759104069771452,19
0.6754630460915153,0.1294041031259494,19
0.3666540732510854,0.07028299692623707,19
0.6380154462598552,0.1273800589221068,19
0.5915012625813371,0.12743103232098818,19
0.7495156580919545,0.14723759505598855,19
0.40006497916692857,0.0776566217376029,19
0.5519812048573908,0.10846621965241487,19
0.6004379581202914,0.12123877931952354,19
0.4769609782033646,0.0938568634226633,19
0.5255086816532796,0.10268973224113598,19
0.5696637796518123,0.1148291072920804,19
0.5999466618068543,0.12389399428113479,19
0.5096208085354895,0.10084065723140934,19
0.6208271804951218,0.12420163926486794,19
0.3993403920850777,0.07752403604821478,19
0.46346437154325465,0.09023247950789881,19
0.7690243851930445,0.15660263433119082,19
0.7456499239642855,0.14665879346567268,19
0.5501546058751277,0.11169871224516004,19
0.40115543049336627,0.07604022872645078,19
0.7050730541816642,0.13990168664139802,19
0.5736755606160655,0.11467638885018117,19
0.6087251088447216,0.1250716636372322,19
0.6617456537737089,0.12964169446857277,19
0.46118933431120934,0.09151774873953555,19
0.536950568960831,0.10943178788585994,19
0.46512390228905376,0.08900355442960839,19
0.5305587723774648,0.10860300306360027,19
0.6872172378150867,0.14002991598868086,19
0.5686113004559142,0.11571283694859802,19
0.634018427398212,0.12518406892703626,19
0.6134148667975414,0.11788982297025474,19
0.49634959168001125,0.09271894164997496,19
0.6202133075426015,0.12619882963567242,19
0.6430563495180471,0.12361145045536603,19
0.7298370989736384,0.14640278789975913,19
0.4828538292528374,0.0958744608361588,19
0.6350982821494655,0.12691548268298103,19
0.5849400888020345,0.11101856331840376,19
0.4879310999877781,0.0947438304870809,19
0.5447775305019444,0.105177518032876,19
0.7508810850490139,0.150777738995302,19
0.5406737173466443,0.10656508812126186,19
0.5806391125542253,0.1159579628243379,19
0.571395121892372,0.11498083651282553,19
0.48432231394641806,0.09966231645162793,19
0.4210630697171977,0.07979621115500968,19
0.3728337582906099,0.07175431184625713,19
0.3842536346018248,0.07303747970620544,19
0.5085157864230062,0.09893287193984746,19
0.5710605594148332,0.10837685536818809,19
0.3591092287036835,0.06621039723160238,19
0.45303740275883475,0.08584443837340006,19
0.6532552921780802,0.13509896078946326,19
0.4192223796551093,0.08345179799728197,19
0.6321460482942365,0.13046194912672981,19
0.5143238176769489,0.10161860004084078,19
0.5043516726221765,0.09843162501976899,19
0.6334713864166697,0.12487607904814713,19
0.5315155508577011,0.10495497127844722,19
0.6425466430744091,0.12615785991409068,19
0.6488918609824761,0.13122502318235574,19
0.6419909446795852,0.125904591259562,19
0.5794418507575256,0.11633957805250117,19
0.7112503457544453,0.14434969168301537,19
0.4660471082387617,0.09245526087525757,19
0.50262818809527,0.09634862955062129,19
0.6304814097607638,0.12743076585635382,19
0.5425831764938429,0.10938585623755182,19
0.3757361070835527,0.07428465471730639,19
0.6265899878380089,0.12960947189938654,19
0.5039078924858706,0.09920374251015929,19
0.5369242756869171,0.10684415278305681,19
0.5688867189048017,0.11114201543136715,19
0.33590814203253694,0.0630090703971673,19
0.711931828704645,0.14975507849760983,19
0.5126926540195477,0.10043888381913924,19
0.4542500483412199,0.08646716274043831,19
0.3839372295020492,0.07167641417272619,19
0.21234548620458119,0.03818909768936174,19
0.4452383251978149,0.08788783378648035,19
0.5792052044721117,0.11392565149894995,19
0.6683956469431738,0.13612203707317239,19
0.6075582253213874,0.11848942032310861,19
0.6069953945419618,0.12136785029272468,19
0.6751003941713771,0.1357131498498334,19
0.5965595598165596,0.11651114841644672,19
0.47827626467235057,0.09612926224787821,19
0.5074451031109753,0.09892183733739146,19
0.5528255074384316,0.11245085003769129,19
0.5928271652704726,0.12396717471250729,19
0.5690028391729398,0.11169129727202254,19
0.8677161774530087,0.17570806305680242,19
0.5002020026084422,0.09713289713754358,19
0.5163377123930185,0.10332734627628026,19
0.49501938502107107,0.0980460114987618,19
0.580488103698205,0.11486320865355792,19
0.5070457803384529,0.09811960695656619,19
0.4069999401120396,0.07659253610987271,19
0.28055661008124777,0.05302557379753714,19
0.6162704081827786,0.12687065889831062,19
0.5092370520340658,0.10358155015277104,19
0.32576424300350815,0.06165896119202019,19
0.362961416528626,0.07050667650385178,19
0.4067527138313628,0.07836758716774095,19
0.5778041141343903,0.11567115421133733,19
0.37171287456371827,0.07009223267930875,19
0.5358869607954347,0.10690240463638734,19
0.39167316648207473,0.07630238995539096,19
0.4272719198723672,0.0866984476677799,19
0.6850567500574897,0.14193331398351083,19
0.5833572970768599,0.11547595086497764,19
0.5509802448772044,0.11209350899001236,19
0.6356273824524974,0.12153073566484607,19
0.43791780611729186,0.08616107837073006,19
0.6258458407287628,0.12696118199785222,19
0.5122149483931778,0.10580518194747612,19
0.537857055917457,0.1056112126175226,19
0.5778236905777052,0.11377527969666579,19
0.6615241273728136,0.13342347375656272,19
0.48257183172695467,0.0902478862169509,19
0.5950987554050499,0.11887199201082388,19
0.6247861319610433,0.12786307143472642,19
0.7169667647260513,0.14473321471913403,19
0.466673876340459,0.08974305094768886,19
0.5292943160581659,0.10601036590428792,19
0.5669880602131158,0.11408159088890524,19
0.6230895352296966,0.1266051142882909,19
0.6280401629819186,0.12573040924399548,19
0.5966400394922109,0.12277540779157503,19
0.4033371374305722,0.07943573516748281,19
0.44355569639592735,0.08709784033227952,19
0.6390342343235977,0.13228822946911212,19
0.5072127407240598,0.10109621012213088,19
0.5945563464829852,0.11709644633101912,19
0.4878614568209137,0.09951352646557066,19
0.5881070323387115,0.11844888331876935,19
0.4999389289640805,0.1003363524715184,19
0.7433678369609793,0.1519549492530472,19
0.712254035744738,0.137142495493894,19
0.4978943720479572,0.0983843043125634,19
0.5177260583231446,0.10267916960418821,19
0.6606039983211299,0.1330448237673323,19
0.3016081343185428,0.055938961848577495,19
0.34141699031118833,0.06506822274353508,19
0.8655479513701202,0.17352806996704273,19
0.49688849456338513,0.09783576425265195,19
0.5845728368433323,0.1177065255448444,19
0.679885037517434,0.13565511422526444,19
0.5592022764606531,0.1110693421791129,19
0.5097855419938029,0.09890724268029327,19
0.6881287925757942,0.13466196704177213,19
0.5572341874617734,0.111959648155737,19
0.3726934587002772,0.07182475992298554,19
0.5658618590309861,0.11138063002218535,19
0.5822421996788831,0.12008193400522771,19
0.4745116373275064,0.08869358523194526,19
0.6236220249124648,0.12516121500213462,19
0.6497902568457357,0.12684695486824316,19
0.471889787382351,0.092540987037242,19
0.6286101381748299,0.12046954976629642,19
0.46620426222296846,0.08785568849405334,19
0.4380540119591036,0.08284330259607131,19
0.584339291298431,0.1185705166835127,19
0.7676065119542205,0.1508009021229395,19
0.49683294360708863,0.09620499903708324,19
0.3806000775610679,0.07464730628681093,19
0.43434902389205293,0.0846022984570336,19
0.564282305427955,0.11260214505970989,19
0.6312106871108476,0.12189443812858847,19
0.6224849405771138,0.12930443468032982,19
0.4467094917330525,0.08909952190458892,19
0.47616936503184876,0.09435645694311101,19
0.6389410297438266,0.12244450714479682,19
0.5683974238447516,0.11126397945829059,19
0.53785622768714,0.10358503970406763,19
0.6601646928645173,0.13103927297191809,19
0.3172726861952845,0.05924424417305518,19
0.6096844348995352,0.13002706593682212,19
0.6208218436612555,0.1263689667124519,19
0.5313060510391716,0.10669585758487266,19
0.5233527024554147,0.1032367826007985,19
0.529266091865257,0.10342929093231956,19
0.5990015322644,0.12294533994987322,19
0.7304007382601061,0.14613611233882695,19
0.6458667684647914,0.12189563502908629,19
0.5847370874715616,0.1168446282668103,19
0.4371678370013296,0.08628847563676367,19
0.8198467239799844,0.1720136945591988,19
0.7498811292823804,0.15358633922278653,19
0.7548652408749489,0.16054470863556314,19
0.5913580680331159,0.12014771068516361,19
0.575915795427982,0.11461597536413382,19
0.5740220760879778,0.11039332966961712,19
0.424450038706033,0.08314182095297351,19
0.5727687955406342,0.1116658661034029,19
0.7511380736175585,0.15844601067434105,19
0.4818105679661602,0.09324807555644399,19
0.6458008350532816,0.13157559476679492,19
0.48119037820849286,0.09246076862960062,19
0.6009559585249051,0.1203966761764601,19
0.6013633094053652,0.1160553052677602,19
0.7031807543200949,0.13715704381722404,19
0.8123589126574393,0.1640840028533248,19
0.5323264838824089,0.10851430350259017,19
0.4958660671720181,0.09872560615287918,19
0.5513271062858544,0.10918735773584443,19
0.46209654824516355,0.08936718066436966,19
0.5549918591666555,0.11104338847147055,19
0.8366562618331834,0.1733202008339818,19
0.39263541382610373,0.07672845540918227,19
0.5069308995917108,0.10371075389569118,19
0.5396196880532514,0.10443506289538096,19
0.6786181854271298,0.14046209734352222,19
0.8477688310263887,0.1730927462481704,19
0.5752372897446281,0.11198052265918346,19
0.7279669306598351,0.14350756505823026,19
0.5144011830348356,0.09871710155973523,19
0.5647458893201949,0.11249067898503706,19
0.6741701460050056,0.1329918784512436,19
0.5902719321734298,0.11363131135603877,19
0.4763392043049285,0.09539968751004557,19
0.6119720395216087,0.12544305832938285,19
0.5888333617468166,0.12202996908182118,19
0.5507642178725937,0.10919238411592591,19
0.7463336055545143,0.14872417839827534,19
0.5806624947478677,0.11159844401755525,19
0.8134952262904497,0.160718410163333,19
0.5606992394488898,0.11720620479716248,19
0.543117539797022,0.10680421197521595,19
0.6240226889438044,0.12365084257538128,19
0.5861710032375644,0.11348288802990703,19
0.5258972532924353,0.1071883791328827,19
0.5668813361117365,0.10987671176788161,19
0.923522653868282,0.18705759004050537,19
0.5296432232758399,0.10635707021180263,19
0.633080721331268,0.1281959728899147,19
0.5372641964615423,0.10580466764348984,19
0.2609467399757016,0.048712951679389604,19
0.6223422258163008,0.12270801881891336,19
0.49410759719122377,0.09282532167958535,19
0.45185807082124674,0.08940744022780756,19
0.5742715797963462,0.11199851473306599,19
0.5178736380084034,0.10387221632324617,19
0.6794909233029616,0.13350654394450823,19
0.5492091285158177,0.10863215333569909,19
0.6379021270339762,0.12777011758133394,19
0.7460057411032663,0.15409229633386312,19
0.5867047741086416,0.11122543717607836,19
0.4944462388520998,0.09576208209038084,19
0.41518261567707065,0.08313684449388781,19
0.5931592528893525,0.12047607462575205,19
0.5428565331088463,0.10548590352964671,19
0.62751770206912,0.12871026941323227,19
0.4134289033328607,0.07981036851511547,19
0.6863112038239886,0.14160330669531995,19
0.434556215263257,0.08305231745779795,19
0.7260918910601919,0.14355782108666815,19
0.6039209699456215,0.12185257674280048,19
0.5879135174615875,0.12029129830958829,19
0.3832982532746217,0.07310930316683595,19
0.7234573537215236,0.14292304833346137,19
0.5980824043158603,0.1228596436560323,19
0.5191892614863881,0.10591062750077596,19
0.5386162746736233,0.10923257700124145,19
0.7587931443608847,0.15446123152424218,19
0.6076126063430686,0.12603096512582912,19
0.39808483325993255,0.0780257035909806,19
0.4758573554207805,0.092951869171507,19
0.6072844184221818,0.12301797118656532,19
0.6434700475453511,0.13409661932446792,19
0.5106925722917031,0.1017775854035401,19
0.5041138717367794,0.09942292906520245,19
0.7141581866294974,0.14871048853417146,19
0.4543489575624532,0.08865544562218619,19
0.4220054606729887,0.08155126355392617,19
0.6064569303313387,0.1169107902384845,19
0.5501176853228031,0.10953803670021989,19
0.5305530409892212,0.10254693202213927,19
0.7085794595785303,0.13712499646260645,19
0.6574951454298488,0.13454492499019755,19
0.5029685916936372,0.09779548699271312,19
0.5044111579840727,0.10350105815995314,19
0.43068351179454856,0.08482747714109773,19
0.3907201057104739,0.07593920539356702,19
0.5731193502193858,0.1120346502843903,19
0.5097110605918289,0.09562657825029097,19
0.5029952116578537,0.09743942017516605,19
0.5079338400509442,0.09833438159504304,19
0.37754032452373365,0.07058599102563279,19
0.5657080668263829,0.1102434996802073,19
0.6371139736085326,0.12742271087607104,19
0.5089142205945051,0.10031425316779319,19
0.5440498850809247,0.10569067757756989,19
0.5967297560559659,0.11931702348022855,19
0.4572202881732935,0.09377754393174542,19
0.5571977357727087,0.10924592742795558,19
0.5316686059046801,0.10618278920307023,19
0.37494722676338893,0.07249088510179913,19
0.47559221891679515,0.09084207884855622,19
0.7384275613730994,0.150518717219829,19
0.6008947177658597,0.12110740358812477,19
0.5788608413316042,0.11593596357924985,19
0.525474859403795,0.10394225766340193,19
0.3666536143652149,0.07038075284036682,19
0.3830315170400748,0.07593144550549336,19
0.5493536165277496,0.1113697480852387,19
0.6129337899420704,0.12359448745308854,19
0.573096939048019,0.11509223765212973,19
0.44332830635800785,0.08545593699206822,19
0.7292727376906512,0.14723509762136588,19
0.48227302087000334,0.09627263409492648,19
0.31077745814161695,0.058326703897339405,19
0.7100328896694676,0.14091561538875808,19
0.4304039805512562,0.08516913579813279,19
0.42617695543640843,0.08177099873488292,19
0.5960540219161979,0.11496300375723334,19
0.6480150104342267,0.1286491543021273,19
0.6292835548109474,0.12990666209902058,19
0.49091180006779506,0.09643903632496853,19
0.40980685253249804,0.08036290357951947,19
0.579750328644091,0.11676943402250539,19
0.491276969309311,0.09514051994191419,19
0.40994920797317785,0.07641216537434903,19
0.5996409004014,0.11902880459197696,19
0.5844525010371732,0.11642202922651834,19
0.40914075445433623,0.07838247897498785,19
0.5363283033086752,0.1095299520909343,19
0.5544439725608681,0.10936988348434706,19
0.6529098467578404,0.12765015942873315,19
0.5667723451847327,0.11169953875339411,19
0.5131624473600023,0.10167695287104195,19
0.7003971278857135,0.1470481100180796,19
0.48395991495205054,0.09706142143315288,19
0.5219801455894468,0.10408106831928898,19
0.7148780832881295,0.14941476430044887,19
0.6032206035975095,0.12149803953250982,19
0.5622797527678409,0.10616919741635944,19
0.45559908703870994,0.08814532926643515,19
0.5402955306797396,0.10633776040696619,19
0.54156507743729,0.10810751549218378,19
0.5468280229217433,0.11144683169960645,19
0.47301264143066374,0.08975786075442493,19
0.5759711199503358,0.11755390705085622,19
0.3651952953304726,0.06955016616681675,19
0.668038769751875,0.13807434530874851,19
0.5783257057088391,0.11905373253665474,19
0.5341006717488516,0.10631749558556036,19
0.4727775565441035,0.10036118424411744,19
0.580029218801671,0.1157283671366085,19
0.6096093654677561,0.12151244795885541,19
0.4260122054582255,0.08300380153883236,19
0.6921629610423535,0.13647999420359502,19
0.5655608303342687,0.1112291329510473,19
0.537017891566493,0.10605743698759218,19
0.46659261106019856,0.09188382614627111,19
0.5281741054967074,0.09965662316864377,19
0.6588456036456088,0.1342340914975262,19
0.5769681313962615,0.11092374705796515,19
0.550063270920964,0.108537081350774,19
0.37947499060349393,0.0742053396204323,19
0.7328864996342265,0.14749847241677316,19
0.39199103952432074,0.07719141410938968,19
0.5455184331216173,0.10862558910121223,19
0.6954716567188259,0.14990555026217156,19
0.4721747792833197,0.09372543060395655,19
0.7151107008723059,0.14586969209934986,19
0.4733938446176835,0.0925334153198587,19
0.621449829340787,0.12633054709605052,19
0.47798352338962913,0.09533056835486486,19
0.4857816602754612,0.09847584909223417,19
0.5785377849114861,0.114828902649456,19
0.5187600376078755,0.10533122965239605,19
0.7789062008268006,0.15964579054516137,19
0.3742591959894615,0.0728030888033202,19
0.4147421490109789,0.08057358763256661,19
0.5523482631855019,0.10560918121528506,19
0.6416644328139568,0.13137820941197575,19
0.5296738365258161,0.10431608259607983,19
0.4131318241869691,0.07936309748472148,19
0.5845335320932672,0.12193896560997453,19
0.36026303441856944,0.07075273596145348,19
0.5078678845001231,0.09796752176870749,19
0.5152100473344343,0.10374134571018989,19
0.5554726687929652,0.11183407618685282,19
0.6375167955578827,0.1296591614097995,19
0.6257263058828932,0.12706907962859937,19
0.5730057537469607,0.11448151407491491,19
0.6803864033341797,0.1371757587500102,19
0.4995139700580242,0.10093088523883864,19
0.5850732339930069,0.11800343971589289,19
0.8241949719206655,0.16499512781694525,19
0.5996012072573038,0.12046294031244753,19
0.5514658812429688,0.11155773921530399,19
0.39953334364764675,0.07901167413563703,19
0.2490697196210807,0.04618101981469991,19
0.6896252980624283,0.1373442801642586,19
0.48720336095778827,0.09434786107120408,19
0.5828868031311005,0.1157832505455132,19
0.6671225603528631,0.1339263931900858,19
0.6904520909475964,0.14288929190251087,19
0.5469558404987632,0.10768122886699905,19
0.5545043169697745,0.11162943316667007,19
0.6921511186229472,0.14133963991353315,19
0.5192833261097757,0.10299203087636033,19
0.5301728501413335,0.10665868895644315,19
0.44390662845665513,0.08507830890549872,19
0.7021658412019939,0.13754231393944316,19
0.6736550610645075,0.1327640256832634,19
0.3217785425203381,0.059852639053608936,19
0.5393969395895131,0.10516952276805891,19
0.551781825595105,0.10707259085586696,19
0.46036877344612975,0.08844321340032812,19
0.5701243721073629,0.11302240364787774,19
0.4689879175545932,0.09341643634748209,19
0.5400257710229901,0.10476659480037886,19
0.45643146512629473,0.08713731736057873,19
0.3960061936055792,0.07659287368891743,19
0.5742839693649384,0.1104023491789774,19
0.6453042208578551,0.12821142429703225,19
0.4624428490013008,0.0889150512949266,19
0.4393768271542432,0.0865993350677341,19
0.7366490431807706,0.1457435515472929,19
0.5375087164734187,0.10579924872960733,19
0.5628384569800818,0.11668271147024512,19
0.6781203197131648,0.13417604695660335,19
0.7421045237704079,0.1461461883698163,19
0.4605370691775385,0.08911566114016778,19
0.43701591231708636,0.0866627735461396,19
0.5578094706950886,0.11059095441449207,19
0.49603481053011744,0.10032595387623355,19
0.515942451862144,0.10349380770711702,19
0.49056371358039386,0.09814741310544428,19
0.5550244841541105,0.10743351211829455,19
0.5719700062899049,0.11686631334165254,19
0.7389451725991353,0.15174313049922095,19
0.5581813013512053,0.1115785073310982,19
0.6272443583143483,0.12631971506301753,19
0.41485346073653095,0.0809395114577145,19
0.47026591324988976,0.09132325749469317,19
0.49455806538207653,0.09367858794177497,19
0.7344553625712379,0.1456659903609585,19
0.8146041645126062,0.16630626412836147,19
0.5686613283074788,0.11326428112600606,19
0.5619362981826792,0.11463381720918564,19
0.4827931953866883,0.09590587503259584,19
0.4487259551138424,0.08765299471920573,19
0.6706897027273105,0.139820963461448,19
0.6272041718733119,0.12354887945256499,19
0.4959823760310197,0.1004616023059155,19
0.520850055406659,0.10098003427111535,19
0.6120186920845225,0.12009223897946808,19
0.5549341355774895,0.11109883596647196,19
0.6168050751912693,0.11829961644788156,19
0.5558334421608871,0.11216369631597001,19
0.682926696769307,0.14083190444351334,19
0.7127714534272201,0.1416307185420611,19
0.40390106182298124,0.07765435392381859,19
0.4210821910456931,0.0817332696144284,19
0.7440423252577508,0.1523569073244262,19
0.5598766560458757,0.10930578168018057,19
0.6038702775099751,0.11780491779635116,19
0.5449041021485288,0.10669663389817008,19
0.6483341111718705,0.12915552847556278,19
0.4508200733963,0.08717117021940513,19
0.46413543181350847,0.09227085212137087,19
0.6019116004875907,0.11591902411359478,19
0.5581848380726292,0.10923947547983803,19
0.6555469482136456,0.12978332392155778,19
