Date,IWDA.L,VGK,EWJ,IUSN.DE,IEMA.L,MCHI,EWZ,INDA,EWT,EWY,XLY,XLC,XLF,KBE,XLE,XOP,XLI,IYT,XLB,ITB,XLV,XBI,XLP,XLU,XLK,SOXX,IGV,CIBR,BOTZ,VNQ,LIT,GLD,SLV,DBA,COPX,TLT,IEF,TIP,HYG,LQD,EMB,BITO,XEON.DE
2026-03-12,,,,,,,,,,,,,,,,,,,,,,,,,,,,,,,,,,,,,,,,,,,
2026-03-13,-773.7015297735187,-0.0,-5124.570649687964,-1795.181807016922,-0.0,0.0,-8497.493678736506,-0.0,1806.399772420505,6089.376978156618,-1443.4084416771973,-0.0,0.0,-1687.274083692114,3315.9905761006416,0.0,-255.90426170472404,528.1628483416686,-3211.3416363573306,0.0,-0.0,-5509.138006112493,0.0,0.0,-1654.8512147310553,3594.4876271218536,-0.0,-0.0,-0.0,0.0,-10443.701998041537,-2373.1096018778026,-6897.687070338511,0.0,-33912.888780646994,-0.0,0.0,-0.0,-0.0,-0.0,-0.0,0.0,12.655341599863313
2026-03-16,1527.8830827262198,0.0,17927.771261075522,1645.630724820326,0.0,0.0,19885.620127615086,0.0,12964.775855282713,68862.60102233091,6993.743558716745,0.0,0.0,9296.566845573772,7118.175417673249,0.0,2423.708685118612,3964.11423830537,4720.307885290309,0.0,0.0,29630.337824832266,0.0,0.0,6407.287154672965,18663.29989814347,0.0,-0.0,0.0,0.0,29817.541878863976,1412.003756945474,2050.614391398879,-0.0,30356.28849697591,0.0,0.0,0.0,0.0,0.0,0.0,0.0,-2.7524628827441604
2026-03-17,88.03216268172316,-0.0,-3581.4553371228676,1246.6694532306565,0.0,-0.0,-391.00464789541525,-0.0,2834.471968783505,4018.8318712948503,1113.1312182023719,-0.0,-0.0,-3195.950960898709,3170.434026867844,0.0,-451.33652095678156,2421.2749665161314,-1282.5437603739854,-0.0,-0.0,-4113.79817962362,-0.0,-0.0,-46.596004698084556,1497.3461097563527,0.0,0.0,-0.0,-0.0,-6502.850855983383,-1727.0702767976957,-3737.88282165099,0.0,-12665.34593963315,-0.0,-0.0,-0.0,-0.0,-0.0,-0.0,0.0,4.397620837460066
2026-03-18,-1235.8655193071354,-0.0,-9319.220569022882,-947.4660139028086,-0.0,-0.0,-8709.516249893857,-0.0,-9581.393619876897,-20831.83637977307,-9578.577366019028,-0.0,-0.0,-10376.270979740646,-3153.687344301513,0.0,-1722.4403561442823,-3688.505599171994,-9782.041816063613,-0.0,-0.0,-34421.48275443196,-0.0,-0.0,-4358.507580884396,-6460.83122744185,-0.0,-0.0,-0.0,-0.0,-41204.141093025435,-7392.092107048227,-6059.366466499779,0.0,-34383.60344186069,-0.0,-0.0,-0.0,-0.0,-0.0,-0.0,-0.0,7.150158890301217
2026-03-19,-934.1696606210235,0.0,3650.9901247085622,-7529.989246343101,-0.0,-0.0,7221.069765344881,0.0,6369.186149521985,26391.5874204973,-485.6202533714352,0.0,0.0,9149.435435622296,14680.007652859924,0.0,-42.27352173095726,803.1625414173603,-3451.5356679921388,-0.0,0.0,19805.521315662176,-0.0,0.0,2904.128236080015,8505.081264234504,0.0,0.0,0.0,0.0,-4396.846045959697,-7123.927945976599,-4891.014656935405,0.0,-21963.70443096736,0.0,0.0,0.0,0.0,0.0,0.0,-0.0,-3.843323064487597
2026-03-20,-1817.4587065586406,-0.0,-28114.675264820227,-4188.845921018399,-0.0,-0.0,-27057.48382159273,-0.0,-15529.13909786114,-71368.71150096542,-9670.989505358324,-0.0,-0.0,-7843.856779346187,-7053.1919717405735,0.0,-3625.128191126819,-4263.431870541768,-9902.059492412649,-0.0,-0.0,-31526.644378858146,-0.0,-0.0,-9479.746462098485,-22639.861445170707,-0.0,-0.0,-0.0,-0.0,-41055.397539618105,-7875.587226033713,-9048.527418698315,-0.0,-42318.114713226,-0.0,-0.0,-0.0,-0.0,-0.0,-0.0,-0.0,17.597683333792894
2026-03-23,821.4260649470051,0.0,18764.609714142312,3041.9322056420997,0.0,0.0,27740.08308045796,0.0,12619.665138775857,56650.4241182721,8797.4110531197,0.0,0.0,12451.354979523263,8877.914389720057,-0.0,1885.0025529185853,3311.0101405346168,6864.766185740782,0.0,0.0,15370.792504281628,0.0,0.0,4285.24246976149,9400.916845124199,0.0,0.0,0.0,0.0,50774.24471337771,-3989.841212244902,1964.9497208682947,0.0,48293.30290110703,0.0,0.0,0.0,0.0,0.0,0.0,0.0,-8.803365851649255
2026-03-24,-396.0947930535236,-0.0,-4607.308919451698,2493.329566798817,-0.0,-0.0,-4943.415654829647,-0.0,-8528.121084501545,-38467.40529546602,-2819.454897402518,-0.0,-0.0,2289.557321623344,10782.932599520283,0.0,260.1726482647573,-1074.5910650653937,5696.892501429852,-0.0,-0.0,-25869.240026107684,-0.0,0.0,-2850.1521612004212,6261.2586617929255,-0.0,-0.0,-0.0,-0.0,9507.97198856204,-707.0862805261347,424.65846785397946,-0.0,-8925.97629876954,-0.0,-0.0,-0.0,-0.0,-0.0,-0.0,-0.0,4.397599987582827
2026-03-25,666.2001877577793,0.0,10696.695054073249,4039.2464938151184,0.0,0.0,12678.523770285836,0.0,7979.366737224505,-7503.4265531382625,3107.5516340286,0.0,0.0,2992.155444586308,-3447.104491370794,0.0,898.0256522061187,1723.5772414431776,7478.479162877682,0.0,0.0,41901.45305962531,0.0,0.0,1094.9940889534062,8189.1926822640935,-0.0,0.0,0.0,-0.0,20713.27726015445,5418.7116525410565,4163.143855612111,0.0,27245.237894807695,0.0,0.0,0.0,0.0,0.0,0.0,0.0,31.905404742920464
2026-03-26,-961.932063257015,-0.0,-12538.244315002397,-2593.0812743137185,-0.0,-0.0,-8551.822618327118,-0.0,-9788.329246793694,-49381.069056471744,-4443.661265152475,-0.0,-0.0,2042.1641582827087,13729.06614594209,0.0,-2791.9639855297046,-1918.5363944242667,-758.8582595978648,-0.0,0.0,5355.372261905228,0.0,0.0,-7665.933075498033,-30416.873555634254,-0.0,0.0,-0.0,0.0,-22432.091005780978,-6288.60599326916,-7805.39129525566,0.0,-46491.58575802132,-0.0,-0.0,0.0,-0.0,-0.0,-0.0,-0.0,2.7443151690432837
2026-03-27,-1347.8532566774772,-0.0,-8300.197074188745,-5385.7090609778115,-0.0,-0.0,-1296.7036376399988,-0.0,-2253.580251469472,8731.583495517414,-9276.58676688159,-0.0,-0.0,-12868.773138217037,13235.816701891941,0.0,-1549.0023117394721,-2954.7169550394283,-550.50839486793,-0.0,-0.0,-39491.43634261421,0.0,0.0,-4815.398301634112,-9502.000355259202,-0.0,-0.0,-0.0,-0.0,28913.421599733538,6867.54560214965,5306.009043048012,0.0,9332.109081377002,-0.0,0.0,0.0,-0.0,-0.0,-0.0,-0.0,8.802691780156094
2026-03-30,432.57531745023164,0.0,3009.540421796826,1695.4926172685546,0.0,0.0,4191.930765632641,-0.0,-1359.8195442595202,-28414.64315332898,1202.5450982387495,0.0,0.0,5120.718760766679,-4122.781550481562,-0.0,-1823.1284192926712,-111.74795474308137,2952.3500330635406,-0.0,0.0,-3576.4028187410177,0.0,0.0,-4106.135089741203,-25773.92481983685,0.0,0.0,-0.0,0.0,14735.359633753551,657.7450659572153,600.9746232658978,0.0,-6293.53268288966,0.0,0.0,0.0,0.0,0.0,0.0,0.0,8.794348694061666
2026-03-31,774.4097446324629,0.0,24097.09543550474,-99.72727394956507,0.0,0.0,26155.911493785025,0.0,10850.270701183044,48004.181351605956,11631.051176355322,0.0,0.0,19540.448530071444,-5952.525784683948,-0.0,5090.534982308463,7483.214411986467,8299.546309423848,0.0,0.0,91609.22352393785,0.0,0.0,12248.509742651184,40860.18258719033,0.0,0.0,0.0,0.0,34737.597934321464,7784.571086450196,9121.054747887154,0.0,61744.14735039582,0.0,0.0,0.0,0.0,0.0,0.0,0.0,6.050395017121581
2026-04-01,0.0,0.0,0.0,11710.702656660198,5866.7726358225555,-0.0,-0.0,-0.0,197.07921196153083,17796.091002490502,-715.2916950204083,-1678.1926193962302,-5345.375103868554,-145.17762393956014,-56615.01182607801,-0.0,3611.5722998474535,-161.82374259042734,-0.0,-0.0,-645.8728837719586,-1386.3366021188456,-2346.1248910217823,-0.0,0.0,8673.82173674886,-0.0,-2026.429930392543,0.0,-2309.4619091255267,-10972.28326844637,0.0,-8217.106498820845,-0.0,5834.927253459033,-0.0,-0.0,-0.0,-0.0,-0.0,-0.0,-0.0,0.006338970525880499
2026-04-02,-0.0,-0.0,-0.0,-957.1002833739846,-3810.5273438780227,-0.0,-0.0,-0.0,-2218.7786508544195,-31602.4604793194,-4847.0601577130565,699.9107857900993,254.12970965199753,183.61067406921455,3832.3266350629488,0.0,-2957.619417524765,-212.24368075719678,-0.0,-0.0,-2134.957292062409,697.6584444873477,551.6437298988645,0.0,0.0,775.3920441697645,0.0,12441.406149426157,-0.0,4433.6193616329865,-6316.715024587956,-0.0,-29561.74947400683,0.0,-7852.844027615443,0.0,0.0,0.0,0.0,0.0,-0.0,-0.0,-0.17556836811984045
2026-04-06,0.0,0.0,0.0,0.0,1277.0218920029495,0.0,0.0,0.0,2150.603649824201,35392.722482492216,4439.166834122533,1947.8279334154324,8844.078493803561,3524.426480981646,16525.040714913866,0.0,6602.469581745525,2068.6086796296527,0.0,0.0,934.3513895078282,2267.1349244548383,2363.3028496838165,0.0,0.0,9047.320434820651,0.0,5485.347885450635,0.0,3118.588321042695,-9057.796699737768,0.0,9215.983120841944,0.0,2226.5272717770717,0.0,0.0,0.0,0.0,0.0,0.0,0.0,0.0
2026-04-07,-0.0,-0.0,-0.0,-1069.7452255276987,-191.45310090337185,-0.0,-0.0,-0.0,713.4739167815954,8171.134100155814,-4221.878204611645,-564.5174482435835,-1718.4711716162374,-285.1514704652291,6227.627803162258,0.0,-2584.03203780428,-984.2232460397913,-0.0,-0.0,-202.6818794033718,-918.8462646038209,-2858.1546898270158,-0.0,0.0,3591.2085100535896,-0.0,12038.344491377942,-0.0,-472.58220229073123,7128.468176987921,0.0,-3995.466756364387,-0.0,-1059.065809367689,-0.0,-0.0,-0.0,-0.0,-0.0,-0.0,-0.0,0.4785291440432382
2026-04-08,0.0,0.0,0.0,12892.96843015843,9478.576685074771,0.0,0.0,0.0,7608.484915429168,100176.66232633764,4506.284044425626,1332.9656635011456,8676.16059020769,3250.6119377450896,-55441.03926365111,-0.0,13443.56960455937,3011.233333800608,0.0,0.0,2351.0157250573784,535.6858327487464,862.4155817613062,-0.0,0.0,23748.040926958416,-0.0,-5347.768179427125,0.0,1987.3585469760962,34073.11668674203,-0.0,8380.4892243199,-0.0,24041.8870099016,-0.0,-0.0,-0.0,-0.0,-0.0,-0.0,0.0,0.01864633054676204
2026-04-09,0.0,0.0,-0.0,-394.11554921115686,148.77559822849355,0.0,0.0,-0.0,478.4586170963738,-4036.6901837542496,5814.468947554277,1667.3744258521813,3136.0292327760953,3470.7571402821145,-11328.18753614402,-0.0,7074.446918155323,703.1466215343983,0.0,0.0,16.96679333756042,4481.173465041423,1503.3416234569631,0.0,0.0,11855.305705740844,-0.0,-31572.232268741274,-0.0,3556.4436046052137,3495.289246242956,0.0,12941.718585334764,0.0,-1553.5776615756624,-0.0,0.0,0.0,0.0,0.0,0.0,0.0,-0.06283309456953363
2026-04-10,0.0,0.0,-0.0,-900.814360627786,1281.8523846296537,-0.0,0.0,0.0,671.494425128706,-8355.932878393407,-421.693956970586,-1450.1586512521526,-8783.43087548144,-3090.098269195565,-10567.130828741761,0.0,-3748.836424286185,-1665.2243021590984,0.0,-0.0,-4553.1927726267995,-8305.426036443792,-2272.690261609754,-0.0,0.0,9015.239633194456,-0.0,-32597.582897141332,0.0,-218.1851460362612,15854.353154258317,-0.0,6024.731170273602,-0.0,9655.03592203413,-0.0,-0.0,-0.0,-0.0,-0.0,-0.0,0.0,0.26430364213390733
2026-04-13,-0.0,0.0,0.0,0.0,-738.0406386975257,0.0,0.0,0.0,2987.521890947105,23928.13859856915,3159.9455581650996,2357.420406624068,12054.336164042214,2042.7556285748942,4807.5528606720545,0.0,4758.083522245925,1237.959319607198,0.0,0.0,1620.1880408066486,8461.486735121127,-1229.0640149644971,-0.0,0.0,9468.226519780197,0.0,32916.892551139776,0.0,1941.0218055220505,37220.04588354632,-0.0,-8455.494489764269,0.0,8155.363724148948,0.0,0.0,0.0,0.0,0.0,0.0,0.0,0.06271599124410203
2026-04-14,0.0,0.0,0.0,6136.885617728146,3615.4103952324,0.0,-0.0,-0.0,2747.2049814613347,38074.11254163116,4245.674290604731,1863.640536314784,-3670.518814218353,-1737.4331100240513,-31067.17337723013,-0.0,-2501.2421321889788,1073.624876922484,-0.0,-0.0,-610.288852827547,7857.666906590101,-1267.616576224645,-0.0,0.0,6125.64611436198,0.0,-11691.9963276097,0.0,567.4781783371941,-1861.0805801700628,0.0,38225.16621191979,-0.0,4852.847925153303,-0.0,-0.0,-0.0,-0.0,-0.0,-0.0,0.0,0.08168389995011487
2026-04-15,0.0,-0.0,-0.0,-1407.5218946276818,-12.97027129472736,-0.0,-0.0,0.0,667.0461803517236,-18834.028335908006,3791.87591969312,1129.8182691333038,3175.7500393176874,-539.0624761609419,-6418.7166413778605,0.0,-8528.773030177248,-334.9686893105317,-0.0,-0.0,-2686.9098643280377,1134.1042152793761,-1069.7786200256448,-0.0,0.0,-543.0448701934239,0.0,20143.74801317389,0.0,-701.2966059157392,-18503.89156681852,-0.0,-4593.780321112642,-0.0,-3163.4703115432285,-0.0,-0.0,-0.0,-0.0,-0.0,-0.0,0.0,-0.018781496307976056
2026-04-16,0.0,-0.0,0.0,2364.6924327384872,1163.5191348695214,0.0,-0.0,-0.0,1125.2690316594008,21363.10361191899,-1706.8018846934808,3115.8582831544672,-2273.471874925501,-957.6234558498767,14805.569633665662,0.0,-3224.9097635721146,2753.490691180106,0.0,-0.0,-2379.8715180664412,-3308.57571106615,521.104265090826,0.0,0.0,4836.896723631257,0.0,17296.97509175958,-0.0,3179.199187374227,43023.57678508117,-0.0,-7820.423613673003,-0.0,323.8255253977013,-0.0,-0.0,-0.0,-0.0,-0.0,-0.0,0.0,0.11337757886773575
2026-04-17,0.0,0.0,0.0,9008.260319442865,4666.0246849029145,0.0,-0.0,0.0,4260.128092460943,45726.825476952275,8038.0067376994975,1219.1506164477423,6426.405707280308,5223.774760814955,-27482.636075792638,-0.0,11609.212049593207,3701.922066780658,0.0,0.0,4684.81061918567,10564.064684327193,2089.6708184911995,-0.0,0.0,13762.907551584614,0.0,9108.586482509489,0.0,6971.583536489167,18284.536383655784,0.0,30305.269855762792,-0.0,6469.819981890537,0.0,0.0,0.0,0.0,0.0,0.0,0.0,-0.0377613871567001
2026-04-20,-0.0,0.0,-0.0,-1351.2612842205497,-1883.535125497436,0.0,0.0,-0.0,1381.5059746301033,-15060.887580640003,-307.09524330165806,158.69265587074779,4803.417156883824,1638.6480321005631,4691.187652231359,0.0,3275.207279273403,1799.862998409992,0.0,0.0,-1597.818619721644,-1181.532194447358,381.34818258930045,-0.0,0.0,4277.678705911515,0.0,10388.776875496136,0.0,2787.797065828509,-1110.4594473472266,-0.0,-14560.82786238331,0.0,-3503.151691097284,0.0,0.0,0.0,0.0,0.0,0.0,-0.0,0.006283578018976978
2026-04-21,-0.0,-0.0,-0.0,-1126.005094003076,-1667.5218267942519,-0.0,-0.0,-0.0,-762.4527382726448,-33931.43976976451,-3540.5378698238364,-4608.882370217171,-6512.987192457407,-3014.350010174391,11455.147810260647,0.0,-10102.123551895591,-1262.0623789390695,-0.0,-0.0,-3798.317232460639,-5732.233095617983,-1470.044281827639,-0.0,-0.0,2082.8327891860035,0.0,9569.391014053976,-0.0,-8353.368559995624,-2395.5239939354824,-0.0,-46652.67096543058,0.0,-28110.37854856333,-0.0,-0.0,-0.0,-0.0,-0.0,-0.0,-0.0,0.10600964512184322
2026-04-22,0.0,0.0,0.0,337.7881955476754,2249.1539343763616,0.0,-0.0,0.0,6132.493648820441,84060.1841365494,967.6635035690315,2553.537776500501,1100.0973962807873,-531.9690913507637,16548.92533425465,0.0,601.3981279149829,-3541.14396246853,0.0,-0.0,1786.1244720180684,4176.810955383871,948.9658659042642,0.0,0.0,16181.745700963736,0.0,14229.087445579047,0.0,-1878.3302890821901,33603.26852742764,0.0,25202.330274072072,0.0,20516.411694088878,0.0,0.0,0.0,0.0,0.0,0.0,0.0,-0.04411056951233666
2026-04-23,0.0,-0.0,-0.0,56.324754280151474,-43.64631236347566,-0.0,-0.0,-0.0,-3488.491107310416,-41706.32184741207,-2134.6281643132315,-243.53763169422407,-3006.9519684452143,2536.119667003975,12042.819091180405,0.0,11768.541244080676,3576.1153863686327,0.0,0.0,629.8526194869653,-7182.57038524187,2840.527702516843,0.0,-0.0,13809.42476311398,-0.0,-27155.42129750349,-0.0,5173.240545863516,-39068.61203118422,-0.0,-21069.807150209417,0.0,-12012.45404185382,0.0,0.0,0.0,0.0,0.0,-0.0,-0.0,0.3080521994467911
2026-04-24,-0.0,0.0,0.0,-2984.0087263982077,1890.8420809410609,0.0,-0.0,0.0,8393.45722639713,37894.58519542303,3123.877837037108,-3733.7930312797735,-3537.9549680132664,-2344.671765602025,-41.5277892612446,-0.0,-4176.771383737427,-208.61290107541265,0.0,-0.0,-3345.4925130886904,-2897.288463006336,-159.89544477549975,0.0,0.0,27885.280993995573,0.0,10074.586255953333,0.0,-37.52302282836097,29981.54511965036,0.0,6466.488248399371,0.0,367.5912052710599,0.0,0.0,0.0,0.0,0.0,0.0,-0.0,0.15100168996242588
2026-04-27,-0.0,-0.0,0.0,844.5429761331085,75.72918091595372,-0.0,-0.0,-0.0,-1901.7292694250787,16506.631014532817,-2869.120242260375,107.1845815445742,3640.4111422904366,2502.326889405677,-4049.8311633377607,0.0,-961.8527156336274,202.36236503359865,-0.0,-0.0,-1869.6600729829788,-1505.54039465168,-1823.0267172837414,-0.0,0.0,-9195.05944157029,0.0,2333.853077651698,0.0,-2850.906069189824,16635.192700637326,-0.0,-7093.352137812961,0.0,-4602.890243418874,-0.0,-0.0,-0.0,-0.0,-0.0,-0.0,-0.0,0.00632553591228962
2026-04-28,-0.0,-0.0,-0.0,-2815.090978563297,-3335.4100334970517,-0.0,-0.0,-0.0,-494.4581179736763,-22915.19217693962,-2657.9585705218697,-522.0213963521282,-441.7231361914083,450.0700125219403,16524.132220814583,0.0,-5834.426670943539,-1803.023309108542,-0.0,-0.0,320.54543843807994,-6266.119488003474,1074.6658762900213,-0.0,-0.0,-22510.68160478815,-0.0,-6445.814760934918,-0.0,2960.4458895556263,-21692.573508749625,-0.0,-26633.98765610188,0.0,-17344.73929341157,-0.0,-0.0,-0.0,-0.0,-0.0,-0.0,-0.0,0.0691274186380298
2026-04-29,-0.0,-0.0,-0.0,-1857.9858498694034,731.2644433719424,0.0,-0.0,-0.0,-16.86646810490892,-2975.0863823898476,-302.1940791750183,-924.8706064500905,1187.5054231321985,-3198.438778759911,25984.165118757843,0.0,-3172.55552106738,-1874.7606322726692,-0.0,-0.0,-1741.3563616671854,-6642.7325375119735,-208.1399743131535,-0.0,0.0,14905.355854751317,-0.0,9737.526783681531,-0.0,-2847.971609981505,22314.889939221037,-0.0,-15875.441607786772,0.0,-5114.657307627331,-0.0,-0.0,-0.0,-0.0,-0.0,-0.0,-0.0,-0.04402372857232947
2026-04-30,0.0,0.0,0.0,4898.323675370777,2011.4328015106098,0.0,0.0,0.0,6147.259541075757,64280.49172670962,4901.546542522986,3545.8462528400487,4477.025465157097,2515.3617012095347,15214.922894673535,0.0,16864.968686806213,3288.228910550619,0.0,0.0,6667.033475303646,8473.356285535881,2823.603774097564,0.0,0.0,16549.989724227766,-0.0,-2960.8916938608168,0.0,6889.45489527318,56946.239784588455,0.0,24013.358579282252,-0.0,11679.005637499187,0.0,0.0,0.0,0.0,0.0,0.0,0.0,0.20561876378635385
2026-05-01,2675.2063711116853,-0.0,-2310.3166574235192,0.0,0.0,-0.0,-11388.059903599153,-0.0,-711.3979125715185,3208.9446407192167,-418.70137824492167,-0.0,-4324.931304647192,-2958.290642296622,-9244.368526097443,-6682.523703152192,-0.0,-0.0,-4509.931263542953,-0.0,-0.0,-11525.80582622478,-0.0,-0.0,0.0,5950.210495414754,0.0,0.0,0.0,-861.7119310594717,1761.2487478073922,-0.0,10571.832241414042,-384.14605264452723,-0.0,-0.0,-0.0,-0.0,-0.0,-0.0,-0.0,0.0,0.0
2026-05-04,87.21374589483041,-0.0,-327.4900450724357,2281.813813461753,0.0,-0.0,-10329.707106749453,-0.0,1298.3093290895747,8286.735911395801,-2183.1961689792297,-0.0,-3487.749597423896,-6150.2833138142705,4975.133205913111,13195.328076084383,-0.0,-0.0,-9850.228968749047,-0.0,-0.0,25423.910493358897,-0.0,-0.0,0.0,-8361.581000993954,0.0,0.0,-0.0,-785.5743482910136,-19254.4556219892,-0.0,-17939.298892050378,2693.909377214457,-0.0,-0.0,-0.0,-0.0,-0.0,-0.0,-0.0,0.0,15.864692456746294
2026-05-05,239.81994586802043,0.0,2851.254977108307,6058.524801680067,0.0,0.0,21321.24086911914,0.0,7453.996007898856,53034.346562975596,1727.635930148888,-0.0,1728.3466832988827,7887.2942313068,2128.8274287894596,349.00408434619703,0.0,0.0,14763.070761035347,0.0,0.0,5619.980982890511,0.0,0.0,0.0,51454.566445979544,0.0,0.0,0.0,791.4796849000351,19390.03696889447,0.0,1271.5050749322156,2378.5099846328803,0.0,0.0,0.0,0.0,0.0,0.0,0.0,0.0,6.342651663872287
2026-05-06,5718.22741936245,0.0,4546.47391921856,9284.502464661586,0.0,0.0,2954.197952983793,0.0,5353.455566869143,41652.807138841206,3850.5402465133866,0.0,1536.671603357718,4145.1385658569925,-23177.516648564,-35085.74441903379,0.0,0.0,11086.894874122216,0.0,-0.0,29621.85972213147,0.0,-0.0,0.0,53957.731204071126,-0.0,-0.0,0.0,1539.0900972542406,35219.25345518398,0.0,31410.156701841097,-5334.16723247174,0.0,0.0,0.0,-0.0,0.0,0.0,0.0,-0.0,9.522066974546304
2026-05-07,-445.48561623526643,-0.0,-1899.7593099300002,-1809.6793851711525,-0.0,-0.0,-32630.543397078054,-0.0,-2248.4224422887696,-29140.703459740464,-773.0141453501292,-0.0,-4550.616904407335,-6369.845345733964,-10824.104939307137,-11216.681186741327,-0.0,-0.0,-16430.848914824055,-0.0,-0.0,-35869.04532657291,-0.0,-0.0,-0.0,-36902.83677946903,0.0,0.0,-0.0,-1301.6564189142225,-29382.14191400672,-0.0,9817.87017398776,-4856.905630307248,-0.0,-0.0,-0.0,-0.0,-0.0,-0.0,-0.0,-0.0,10.570952487355061
2026-05-08,327.38545049288007,0.0,2744.3282463769397,-314.70421745348415,0.0,0.0,10072.984492787637,0.0,5449.139599272591,69809.70304259608,1187.936448499308,-0.0,-2547.6665176270844,215.32292436320344,-1571.0346142814503,-2036.8212309778144,-0.0,0.0,3705.2929794096494,0.0,-0.0,10061.511262224056,0.0,-0.0,0.0,66563.55304418897,0.0,0.0,0.0,487.68906045435125,11447.768865019523,0.0,11567.044765305083,3005.1281114942735,0.0,0.0,0.0,0.0,0.0,0.0,0.0,0.0,27.50021527314753
2026-05-11,275.56241102408535,-0.0,-511.7031763001126,2517.801648088657,0.0,0.0,-15756.944523912289,-0.0,2070.4470209814003,10399.478732000149,-2979.2013587052224,-0.0,-2353.377498593081,-10803.04241686151,11603.04053914061,8936.56015110754,0.0,-0.0,7207.349693524542,-0.0,-0.0,-3163.4374852607616,-0.0,0.0,0.0,25068.25415472857,-0.0,-0.0,-0.0,-320.0224244888864,14116.433217568318,-0.0,36414.399053505666,3914.0150857867125,0.0,-0.0,-0.0,-0.0,-0.0,-0.0,-0.0,0.0,15.864658237542848
2026-05-12,-4990.769193839887,-0.0,-579.7514283652371,-10307.356934304924,-0.0,-0.0,-12296.938178464796,-0.0,-9775.338092159884,-73806.20499858771,-2928.556222282661,0.0,3711.8753082200096,-2260.417917645618,3103.1415396176594,2763.994017851343,-0.0,-0.0,-2408.08667854987,-0.0,0.0,268.97372973905624,0.0,0.0,-0.0,-40027.80147895844,-0.0,-0.0,-0.0,-122.8986449231721,-27107.54036188493,-0.0,3643.382615380467,3076.4248463568483,0.0,-0.0,-0.0,-0.0,-0.0,-0.0,-0.0,-0.0,5.293555579020769
2026-05-13,3973.353965115706,0.0,2080.95282785374,5114.297164556093,0.0,0.0,-39334.736570183435,0.0,3069.1872439479375,51450.138658742995,1056.0401350894274,0.0,-6225.633139420303,-7446.020760782156,537.9227752655335,-4201.226534471226,-0.0,-0.0,-1138.2380450603616,-0.0,0.0,7655.708868413817,0.0,-0.0,0.0,28505.08206520657,-0.0,0.0,0.0,-1079.1500192076496,1333.3625385588284,-0.0,6116.819923141457,2307.647047111026,0.0,-0.0,0.0,0.0,0.0,0.0,-0.0,-0.0,12.685528751805093
